id,t0,L1,L2,A1,A2,Y
0,0,0,-1.033631297,1,1,0
0,1,0,1.199963771,0,1,1
1,0,0,2.002549608,1,0,0
1,1,1,-1.193549119,1,1,0
1,2,1,-0.722382982,0,1,0
1,3,1,-0.095204507,0,0,1
2,0,1,1.358351976,0,1,1
3,0,0,-0.286942354,1,0,0
3,1,0,0.342198879,0,0,0
3,2,0,0.981440172,1,1,0
3,3,1,-1.343520881,1,1,0
3,4,1,0.019535507,0,0,0
4,0,0,0.347693632,1,0,0
4,1,0,-0.138335641,0,0,0
4,2,0,-0.33710969,1,0,0
4,3,1,-3.024989548,0,0,0
4,4,1,-2.291269594,0,0,0
5,0,0,-0.206425091,1,1,0
5,1,0,1.088846413,1,1,0
5,2,1,-0.602034088,1,1,0
5,3,1,-0.207217887,0,0,1
6,0,1,0.343510778,0,0,1
7,0,1,1.033710194,1,1,0
7,1,1,0.98443554,1,1,0
7,2,1,0.416975338,1,1,0
7,3,1,0.073498239,0,1,0
7,4,1,0.033983612,1,0,0
8,0,0,0.026560897,0,1,0
8,1,1,-1.985468143,1,1,0
8,2,0,1.71513487,0,0,1
9,0,0,0.20520746,1,1,0
9,1,1,-1.272923309,1,1,0
9,2,1,-1.127825385,0,0,0
9,3,1,-1.495186043,0,0,0
9,4,1,-0.478576119,0,0,0
10,0,0,-0.022984769,1,0,0
10,1,1,-2.054486613,1,1,0
10,2,1,-0.773327011,0,0,1
11,0,1,0.2965887,1,1,0
11,1,1,0.661412244,0,0,1
12,0,0,0.057283416,1,1,0
12,1,0,1.428651593,1,1,1
13,0,0,-0.345520255,1,0,0
13,1,0,0.296772262,0,0,0
13,2,1,-1.971091218,1,1,0
13,3,0,1.625512129,0,0,1
14,0,0,-0.887538967,0,0,0
14,1,0,-0.24423975,0,0,0
14,2,1,-2.060684889,1,1,0
14,3,1,-0.985169332,0,0,0
14,4,1,-0.664309165,0,0,0
15,0,1,0.37115321,1,0,0
15,1,1,-0.315070772,1,0,0
15,2,1,-0.848590669,0,0,0
15,3,1,-0.712607342,0,0,0
15,4,0,0.592129205,0,0,0
16,0,1,1.015690971,1,1,0
16,1,1,-0.303002312,0,0,0
16,2,1,-0.860057788,0,1,0
16,3,1,-0.46005502,0,0,0
16,4,1,-0.532241779,0,0,0
17,0,1,-1.789330917,1,1,0
17,1,0,0.118807556,1,1,0
17,2,1,-1.139540642,1,1,0
17,3,0,1.774482239,0,1,0
17,4,0,1.489592283,1,1,0
18,0,1,0.033746935,0,0,0
18,1,0,1.738809907,1,0,0
18,2,1,-2.199793233,1,1,0
18,3,1,-1.348974563,0,0,0
18,4,0,0.752622029,0,0,0
19,0,1,0.006557359,1,1,0
19,1,1,0.438685413,1,1,0
19,2,1,-0.47101546,1,1,0
19,3,0,2.286331668,0,0,0
19,4,0,0.877209622,1,1,0
20,0,0,0.622015594,1,0,0
20,1,1,-2.57883481,1,1,0
20,2,0,0.686646707,0,1,0
20,3,1,-0.695844343,1,1,0
20,4,0,2.180658941,0,0,0
21,0,0,0.240263169,1,0,0
21,1,1,-1.946717988,0,1,0
21,2,0,1.276641772,0,0,0
21,3,1,-1.496874805,1,1,0
21,4,1,-0.838376147,0,1,0
22,0,1,-1.061129173,1,1,0
22,1,1,0.110047003,0,0,0
22,2,1,-0.046291523,0,0,0
22,3,1,0.396500081,1,1,1
23,0,0,-1.039991841,0,0,0
23,1,0,-0.544009784,1,1,0
23,2,0,0.004374616,0,0,0
23,3,0,0.515898843,0,0,0
23,4,0,0.323165215,0,0,0
24,0,1,-0.125451212,1,1,0
24,1,1,0.588194477,0,0,1
25,0,0,0.066679667,0,0,0
25,1,0,-0.226442881,0,1,0
25,2,0,0.456906996,0,1,1
26,0,0,1.157175499,1,1,0
26,1,1,-1.473251264,1,1,0
26,2,1,-0.371674168,0,0,0
26,3,1,-0.859768659,0,0,0
26,4,1,-0.980509251,1,1,0
27,0,1,-1.34086119,1,0,0
27,1,1,-1.256082673,0,0,0
27,2,1,-1.534255011,0,0,0
27,3,0,1.061529582,0,1,0
27,4,0,0.877021122,1,1,0
28,0,0,0.21890458,0,0,0
28,1,1,-2.707707644,1,1,0
28,2,0,0.371599033,0,0,0
28,3,1,-2.463003416,1,1,0
28,4,1,-1.399825539,0,0,0
29,0,0,0.431870247,1,1,0
29,1,1,-1.213694057,0,0,0
29,2,0,0.954057151,0,0,0
29,3,1,-1.960766454,1,1,0
29,4,1,-1.012145309,0,0,0
30,0,1,-0.932333387,0,0,0
30,1,1,-0.490623958,0,0,1
31,0,0,1.108451499,0,0,0
31,1,1,-1.872283503,1,1,0
31,2,1,-0.105567924,0,1,1
32,0,0,-0.238923967,0,0,0
32,1,1,-1.957805879,0,0,0
32,2,1,-0.063148274,0,0,0
32,3,1,-0.860174542,0,0,1
33,0,0,0.105710097,0,1,0
33,1,0,0.253096973,1,1,0
33,2,0,0.971838102,1,1,0
33,3,0,1.473465129,1,1,0
33,4,0,0.674402136,1,1,0
34,0,0,0.4830464,1,1,0
34,1,0,1.343215684,1,1,0
34,2,1,-0.215520787,1,1,0
34,3,1,-1.515583099,0,0,0
34,4,0,0.234989007,0,0,0
35,0,0,-0.385150532,1,1,0
35,1,1,-1.140272038,1,1,0
35,2,1,0.76346522,0,0,1
36,0,1,-1.006904199,0,0,1
37,0,1,2.065814482,0,1,1
38,0,1,-1.313908093,1,0,0
38,1,1,-1.866824386,0,0,0
38,2,0,0.628090139,0,0,0
38,3,1,-1.478928287,1,1,0
38,4,0,0.850223001,0,0,1
39,0,0,1.175154022,0,1,0
39,1,1,-0.719442997,1,1,0
39,2,0,1.653607604,0,0,1
40,0,1,0.0637885,0,1,0
40,1,1,0.134004713,1,1,0
40,2,0,1.273448861,1,1,0
40,3,0,1.885770112,1,1,0
40,4,0,1.519414615,1,0,0
41,0,1,-0.554813964,0,0,0
41,1,1,-1.611839197,0,0,0
41,2,1,-1.834975312,0,0,0
41,3,1,-0.930400303,0,0,0
41,4,1,-1.072981744,0,0,0
42,0,1,0.684707626,0,1,0
42,1,1,1.152461997,0,0,0
42,2,0,2.403800094,1,1,0
42,3,1,-0.659331038,1,1,0
42,4,1,-0.643075746,0,1,0
43,0,0,-0.349924617,1,0,1
44,0,1,1.067678441,1,1,0
44,1,0,2.255467002,1,1,0
44,2,1,-0.43793235,1,1,0
44,3,1,0.183127242,0,0,0
44,4,0,1.815862519,0,0,0
45,0,1,0.578699307,1,1,0
45,1,1,0.289080992,1,1,0
45,2,1,-0.397922888,0,0,0
45,3,1,-1.17458788,0,0,0
45,4,0,0.571864389,0,1,1
46,0,1,0.533928161,0,0,1
47,0,0,-0.240532265,1,1,0
47,1,1,-1.226405925,0,0,0
47,2,0,1.496856853,0,0,1
48,0,0,-0.346834869,0,0,0
48,1,1,-1.480845722,0,0,0
48,2,0,0.580253169,0,0,0
48,3,0,1.084448533,1,1,0
48,4,0,0.41062569,0,1,0
49,0,1,-1.358041709,0,0,1
50,0,1,0.203181291,1,0,0
50,1,1,-0.336346853,0,0,0
50,2,1,-0.702409076,0,0,0
50,3,1,-0.36059346,0,0,0
50,4,1,0.280787874,1,1,1
51,0,1,0.167524904,0,0,1
52,0,0,-0.86967754,0,1,0
52,1,0,0.433608631,0,0,1
53,0,1,0.631143904,0,0,1
54,0,0,0.19186026,1,0,0
54,1,0,-0.075618217,1,0,0
54,2,0,0.787181888,0,0,1
55,0,0,0.208826089,0,0,0
55,1,1,-2.459831919,0,0,0
55,2,1,-2.511355909,0,1,0
55,3,1,-0.945694279,0,0,1
56,0,1,-1.233225902,0,1,0
56,1,1,0.261661222,0,0,1
57,0,0,0.296276982,0,1,0
57,1,0,-0.76783592,1,1,0
57,2,1,-0.850256144,0,0,0
57,3,0,0.855285466,0,0,0
57,4,1,-2.060872031,1,1,0
58,0,1,0.4155714,0,0,1
59,0,0,2.040493525,0,1,0
59,1,0,1.330420158,1,1,0
59,2,0,0.652549315,1,1,0
59,3,1,-1.1785815,1,1,0
59,4,1,-0.697411718,0,0,0
60,0,0,-0.005611484,1,0,0
60,1,1,-2.495202051,0,0,0
60,2,0,0.029803213,0,0,0
60,3,0,0.343698545,0,0,0
60,4,1,-2.130145954,1,1,0
61,0,1,-0.526682514,1,1,0
61,1,1,0.15184075,0,0,0
61,2,1,-1.136014733,0,0,0
61,3,1,-1.031839795,0,0,0
61,4,1,-0.275120964,0,0,0
62,0,1,1.509041232,1,1,0
62,1,1,0.529978559,1,1,0
62,2,0,1.525870906,0,0,0
62,3,1,-1.35357696,1,1,0
62,4,0,1.871831283,0,0,0
63,0,1,-0.378563671,0,0,0
63,1,1,-0.001951245,0,0,0
63,2,0,1.121691125,0,0,0
63,3,1,-0.670928443,1,1,0
63,4,1,0.415378593,0,0,0
64,0,1,-1.838576034,1,0,0
64,1,1,-0.847669648,0,0,0
64,2,1,-1.072570683,0,0,1
65,0,1,-0.574358154,0,0,0
65,1,1,-0.000992064,0,0,1
66,0,0,0.671554829,0,1,0
66,1,1,-0.933086728,1,1,0
66,2,1,0.35499656,0,0,0
66,3,1,-0.737636666,0,0,0
66,4,1,-0.92631263,0,0,0
67,0,1,-1.391987659,1,1,0
67,1,1,0.987789971,0,0,1
68,0,1,-0.980746044,0,0,1
69,0,1,0.449691024,0,1,0
69,1,0,1.409800249,0,0,1
70,0,0,0.353838197,0,1,0
70,1,1,-1.428772651,0,0,0
70,2,0,0.985853843,0,0,1
71,0,1,0.027871995,0,1,0
71,1,0,1.187866394,0,0,1
72,0,1,0.21725975,1,0,0
72,1,1,-1.006301168,1,1,0
72,2,1,-0.215954442,0,0,0
72,3,1,-0.383438947,0,0,0
72,4,1,-0.41972456,0,0,0
73,0,0,1.12019158,0,0,1
74,0,0,-3.981364771,0,0,0
74,1,1,-4.136804841,0,0,0
74,2,1,-2.144035556,0,0,0
74,3,1,-0.549157963,0,0,0
74,4,1,-0.716992261,0,1,0
75,0,1,-1.30670839,0,1,0
75,1,1,-0.795709801,0,0,0
75,2,1,-1.423160432,0,0,0
75,3,0,0.020338113,0,0,0
75,4,0,-0.136664832,0,0,0
76,0,1,-1.04158425,1,1,0
76,1,1,-0.598820106,0,0,1
77,0,1,0.269653879,1,0,0
77,1,1,-0.441121172,0,0,0
77,2,0,0.732903606,0,0,1
78,0,0,-0.518813823,0,0,0
78,1,0,-0.81299336,1,1,0
78,2,0,1.403653221,1,1,0
78,3,1,-0.605965628,1,1,0
78,4,1,-0.004731544,0,0,0
79,0,1,-0.951603525,1,0,0
79,1,1,-1.549546622,0,0,1
80,0,0,0.152466587,0,1,0
80,1,0,0.340233621,1,1,0
80,2,0,0.911414471,1,1,0
80,3,0,0.790621548,1,1,0
80,4,0,0.916557309,1,1,0
81,0,1,1.136473796,1,1,1
82,0,0,-0.172164849,1,1,0
82,1,0,0.17981982,0,0,0
82,2,1,-1.861336169,0,0,0
82,3,1,-0.59521437,0,0,1
83,0,0,-0.515795212,1,0,0
83,1,1,-3.334416838,0,0,0
83,2,1,-1.850453903,0,0,0
83,3,1,-0.827642054,0,0,0
83,4,0,1.599743051,0,0,1
84,0,1,-0.219137147,0,0,1
85,0,1,-1.218922173,0,1,0
85,1,1,-0.901399369,0,0,0
85,2,1,-0.974763174,0,0,0
85,3,0,1.808905445,0,0,1
86,0,0,0.483503587,1,0,0
86,1,0,0.602142188,0,0,0
86,2,0,0.938397217,1,1,0
86,3,1,-1.342514999,1,1,0
86,4,0,1.377400309,1,1,0
87,0,1,1.05562389,0,0,1
88,0,1,0.330425001,1,1,0
88,1,1,-1.034869189,0,0,1
89,0,0,0.793628949,1,0,0
89,1,1,-0.566199775,1,1,0
89,2,1,-0.066949324,0,0,1
90,0,1,0.331978307,0,1,0
90,1,1,-0.244188438,1,0,0
90,2,1,-0.975199465,0,0,0
90,3,1,-0.913185452,0,0,0
90,4,0,0.790024057,0,0,0
91,0,0,-0.343006075,1,1,0
91,1,1,-0.56930086,0,0,0
91,2,1,-0.363048426,0,0,0
91,3,1,-0.506277353,0,0,0
91,4,0,1.085503685,0,1,0
92,0,1,-0.341890148,1,1,0
92,1,1,-0.114149189,0,0,0
92,2,1,-0.563546854,0,0,0
92,3,1,-0.98489142,0,0,0
92,4,1,-1.188759619,0,0,0
93,0,0,1.049652183,0,0,0
93,1,0,0.835500413,1,1,0
93,2,1,-0.875531746,1,1,0
93,3,1,-0.353762732,0,0,0
93,4,1,-0.585909297,0,0,0
94,0,0,0.633150385,1,1,0
94,1,1,-1.404205651,1,1,0
94,2,0,1.568051278,0,0,0
94,3,1,-1.355649867,1,1,0
94,4,1,-0.637733007,0,1,1
95,0,0,-0.216519449,0,1,0
95,1,1,-0.957842854,0,0,1
96,0,0,0.212106295,0,0,0
96,1,1,-2.424465909,1,1,0
96,2,1,-0.299965991,0,0,0
96,3,0,0.815953557,0,0,0
96,4,1,-1.562406675,1,1,0
97,0,1,0.188558414,1,0,0
97,1,1,-0.84766257,0,0,0
97,2,1,-1.228997476,0,0,0
97,3,1,-0.921509036,0,0,0
97,4,0,0.956017645,0,0,1
98,0,0,0.90143996,0,1,0
98,1,1,0.099892447,1,1,0
98,2,0,2.691723484,0,0,1
99,0,1,0.842029844,1,1,0
99,1,1,0.292610681,1,1,0
99,2,1,1.035842736,1,1,0
99,3,1,-0.264148728,1,1,0
99,4,1,0.456544836,0,1,1
100,0,0,-1.275301537,1,1,0
100,1,1,-1.182058364,0,0,1
101,0,1,-0.714666969,1,0,0
101,1,1,-1.390057724,0,0,0
101,2,0,1.120136566,0,0,0
101,3,1,-2.078868759,1,1,0
101,4,1,-1.941840835,0,1,0
102,0,0,0.692539694,1,0,0
102,1,1,-2.162509287,0,1,0
102,2,0,1.717779808,0,0,0
102,3,1,-0.687761144,1,1,0
102,4,0,2.310111838,0,0,1
103,0,1,-0.146931922,0,1,0
103,1,1,0.578946947,1,0,0
103,2,0,2.052851166,1,1,0
103,3,1,-0.582225262,0,0,0
103,4,1,-1.214965429,0,0,0
104,0,0,-0.337573446,1,0,0
104,1,0,-0.291578053,1,1,0
104,2,1,-1.055816348,1,1,0
104,3,1,-1.029138171,0,0,0
104,4,1,-0.100988625,0,0,0
105,0,1,-1.001053165,0,1,0
105,1,1,-0.64902458,0,0,0
105,2,1,-0.831235947,1,1,0
105,3,1,0.333120851,0,0,1
106,0,1,1.435956848,0,1,1
107,0,1,0.093646348,1,1,0
107,1,1,-0.287227455,1,1,0
107,2,1,-0.713061623,0,0,1
108,0,1,-1.762756561,1,1,0
108,1,1,-0.230394992,0,0,0
108,2,0,1.516612474,1,1,0
108,3,1,-0.81782927,1,0,0
108,4,0,1.029907863,0,0,0
109,0,0,-0.133191839,0,1,1
110,0,1,-0.012674331,0,0,0
110,1,1,-0.056516491,0,0,0
110,2,0,1.424508379,0,0,0
110,3,1,-1.576832166,1,1,1
111,0,0,0.137139174,1,1,0
111,1,1,-1.11760307,0,0,0
111,2,1,-0.949335177,0,0,1
112,0,0,-0.261802438,0,0,0
112,1,1,-2.099151363,0,0,0
112,2,1,-2.34305457,0,0,0
112,3,1,-1.106488191,0,0,0
112,4,1,-0.544425807,1,1,0
113,0,0,-0.905564035,0,1,0
113,1,1,-2.067588587,0,0,0
113,2,1,-1.42679479,0,0,0
113,3,1,-1.107136609,0,0,1
114,0,1,-0.826001883,1,0,1
115,0,1,-1.455037376,1,1,0
115,1,0,0.572219444,0,0,0
115,2,0,-0.344223538,0,0,0
115,3,0,-0.607285431,0,0,0
115,4,0,-0.391137388,1,1,0
116,0,1,0.076250468,1,1,0
116,1,0,2.951475967,0,1,1
117,0,0,-0.789633607,1,1,0
117,1,1,-2.126801525,0,1,0
117,2,0,1.185908585,0,0,1
118,0,0,0.506688098,1,0,0
118,1,0,-0.038400454,1,1,0
118,2,1,-1.211278998,0,0,0
118,3,1,-0.667468815,0,0,0
118,4,1,-1.15558756,0,0,0
119,0,1,1.261211194,0,0,0
119,1,1,0.356446119,0,0,0
119,2,1,-0.806920465,1,1,0
119,3,1,0.30326536,0,0,1
120,0,1,1.432433772,0,1,1
121,0,1,-0.315857735,0,0,0
121,1,1,-0.84812829,0,0,0
121,2,0,1.346143522,0,0,0
121,3,1,-1.45845631,1,1,0
121,4,0,1.797594977,0,0,1
122,0,1,1.496791632,1,1,0
122,1,1,0.030825102,1,1,0
122,2,1,-0.336460238,0,0,1
123,0,1,-0.950273381,1,1,0
123,1,1,0.222732409,0,0,0
123,2,1,-0.292454049,0,0,0
123,3,1,-0.471905113,0,0,0
123,4,0,1.158260664,1,1,0
124,0,0,-0.479784655,0,1,0
124,1,1,-1.517030954,0,0,0
124,2,1,-1.387075842,0,0,0
124,3,1,-1.410784853,0,0,0
124,4,1,-0.847703057,0,0,0
125,0,1,0.354019018,0,1,0
125,1,1,0.249494252,1,1,0
125,2,1,-0.034517618,0,0,1
126,0,1,-0.643807777,1,0,0
126,1,0,1.043834146,0,0,0
126,2,0,0.34167767,1,1,0
126,3,0,0.297937943,1,1,0
126,4,1,-1.625393123,1,1,0
127,0,0,0.017564656,1,0,0
127,1,1,-2.520710799,0,0,0
127,2,1,-1.038250268,0,0,0
127,3,0,0.21970291,0,0,0
127,4,0,0.641349758,1,1,0
128,0,1,0.380393646,0,0,0
128,1,1,-0.292687213,1,1,0
128,2,0,2.408447359,0,0,1
129,0,1,0.173130547,0,1,0
129,1,1,0.321484902,0,0,0
129,2,1,0.865030301,0,1,1
130,0,1,-0.881252699,0,0,1
131,0,0,-1.123961033,0,0,0
131,1,1,-2.577118242,0,0,0
131,2,0,0.598953955,0,0,0
131,3,1,-1.937406473,1,1,0
131,4,0,1.437110257,0,0,1
132,0,1,-1.163978433,1,1,0
132,1,1,-0.829633084,0,0,0
132,2,0,0.779959518,0,0,0
132,3,0,0.355541047,1,1,0
132,4,1,-0.128287886,0,0,0
133,0,1,0.253260914,1,1,0
133,1,0,1.561825289,0,0,1
134,0,1,0.467128867,1,0,0
134,1,0,2.564444291,0,0,0
134,2,0,0.985812609,1,1,0
134,3,1,-0.655411411,1,1,0
134,4,1,0.436389139,0,0,1
135,0,0,1.592842024,0,1,1
136,0,1,-0.933706642,1,1,0
136,1,1,-0.786308121,0,0,0
136,2,0,0.275832727,0,0,0
136,3,1,-1.203950659,1,1,0
136,4,0,1.473702472,0,0,1
137,0,1,1.000034485,1,1,0
137,1,1,0.217461419,0,0,1
138,0,1,1.690716139,1,0,1
139,0,1,-0.646957833,1,1,0
139,1,1,-1.415401996,0,0,0
139,2,1,-1.50272329,0,0,1
140,0,0,1.479993122,0,0,1
141,0,0,0.529212876,0,1,0
141,1,1,-1.31379181,1,1,0
141,2,0,1.054661963,0,0,0
141,3,1,-1.509496826,0,0,0
141,4,0,0.71224459,1,1,0
142,0,1,-1.058064293,1,0,0
142,1,1,-1.553062948,0,0,0
142,2,1,-1.886762968,0,0,0
142,3,1,-1.75167814,0,0,0
142,4,1,-1.35845463,0,0,0
143,0,1,0.425907625,1,1,0
143,1,1,0.049761523,0,0,0
143,2,1,0.106342464,1,1,0
143,3,1,0.02347711,0,0,0
143,4,0,1.108509107,0,0,0
144,0,1,0.25263931,1,1,0
144,1,1,0.403037956,1,1,0
144,2,1,0.826757204,0,0,0
144,3,1,-0.368134212,1,1,0
144,4,1,-0.367805762,1,1,0
145,0,0,0.614185436,1,1,0
145,1,1,-0.539783676,1,1,0
145,2,1,-0.558595039,0,0,0
145,3,1,-0.203859098,0,0,0
145,4,1,-0.852018071,1,1,0
146,0,0,0.101116297,1,1,0
146,1,0,0.910092987,1,1,0
146,2,0,1.383084585,1,1,0
146,3,0,1.329698478,1,1,0
146,4,1,-1.199118189,1,1,0
147,0,0,0.331477966,1,1,0
147,1,1,-1.065906984,0,0,0
147,2,1,-0.071003082,0,0,0
147,3,0,1.833915401,0,0,1
148,0,1,-1.010210566,0,1,0
148,1,0,2.895806165,0,0,1
149,0,1,0.362580937,1,1,0
149,1,1,-1.033124469,1,0,0
149,2,1,-1.323904189,0,0,1
150,0,0,-0.054652659,0,1,0
150,1,0,0.960791693,0,0,0
150,2,1,-1.807257888,1,1,0
150,3,1,-0.958516073,0,0,0
150,4,1,-0.916271867,0,1,0
151,0,0,-0.161272668,1,1,0
151,1,0,-0.05524294,1,1,0
151,2,1,-1.531534247,1,1,0
151,3,1,-0.226140699,0,1,0
151,4,1,-0.118404548,0,0,0
152,0,1,-0.020947517,1,0,0
152,1,1,-0.127657058,0,1,0
152,2,1,0.042681036,0,0,1
153,0,1,-0.732230246,0,0,0
153,1,1,-0.202196072,0,0,0
153,2,1,-0.119328492,0,0,0
153,3,0,1.227347123,0,0,0
153,4,0,0.434705609,0,0,0
154,0,1,0.426244768,0,1,0
154,1,1,0.241602533,0,0,0
154,2,1,-0.625677514,1,1,0
154,3,1,0.334890104,0,1,0
154,4,0,1.612350326,1,1,0
155,0,1,0.203419482,1,1,0
155,1,1,0.971374463,0,0,0
155,2,1,-0.508396655,0,0,0
155,3,0,1.45721774,0,0,1
156,0,0,-0.810846888,1,0,0
156,1,0,-1.027298468,0,0,0
156,2,0,-0.786583201,0,0,0
156,3,1,-2.050488263,0,0,0
156,4,1,-0.820523168,0,0,0
157,0,0,-1.482011766,1,0,0
157,1,0,-1.454471355,0,0,0
157,2,1,-2.759531753,0,0,0
157,3,1,-2.022393286,0,0,0
157,4,1,-1.522408176,0,0,0
158,0,0,-2.100927919,0,0,0
158,1,1,-2.327407347,0,0,0
158,2,1,-1.294993433,0,0,0
158,3,1,-0.933225694,0,0,0
158,4,1,-0.146190981,0,0,0
159,0,1,0.149457772,0,0,0
159,1,1,0.407529696,0,0,0
159,2,1,0.479163442,0,0,1
160,0,0,0.00459029,1,1,0
160,1,0,0.826339265,0,0,1
161,0,0,0.954090338,0,1,1
162,0,1,1.323583557,1,0,0
162,1,1,0.716608307,1,1,0
162,2,1,0.002039262,1,1,0
162,3,1,0.284561414,1,1,0
162,4,0,3.296219343,1,1,1
163,0,1,0.826973252,1,1,0
163,1,1,0.092046538,1,1,0
163,2,0,2.741912537,0,0,1
164,0,1,-0.988630656,1,1,0
164,1,1,0.332891572,1,1,0
164,2,1,0.473517571,0,0,1
165,0,1,-1.209116444,0,0,0
165,1,1,-0.447543057,0,0,0
165,2,0,1.405663622,0,0,0
165,3,1,-1.240201648,1,1,0
165,4,1,0.018303802,0,0,0
166,0,1,1.38484735,0,1,1
167,0,0,1.273861378,1,1,0
167,1,1,-0.305172882,1,1,1
168,0,1,-1.174864918,1,1,0
168,1,0,1.891921723,0,0,1
169,0,0,0.369852123,1,1,0
169,1,1,-1.661778466,0,0,0
169,2,1,-1.112648064,0,0,0
169,3,1,-2.088207551,0,0,0
169,4,1,-1.415572781,0,0,0
170,0,1,-0.182366311,0,0,1
171,0,1,-2.027204018,0,0,0
171,1,1,-1.930618189,0,0,0
171,2,0,0.041998597,0,0,0
171,3,0,0.241490927,0,0,0
171,4,1,-1.670054357,1,1,0
172,0,1,-0.553270601,0,1,0
172,1,0,1.781821106,0,0,0
172,2,0,0.578795622,1,1,0
172,3,0,-0.215986533,1,1,0
172,4,0,0.127530584,1,1,0
173,0,1,0.716816474,1,0,1
174,0,1,0.288457933,1,0,0
174,1,1,0.028075011,0,0,0
174,2,1,0.145521681,0,0,1
175,0,1,-0.009785238,0,1,0
175,1,1,0.028239444,0,0,1
176,0,0,-1.573167229,1,0,0
176,1,0,-0.462458677,0,0,0
176,2,1,-1.986363287,1,1,0
176,3,1,0.166896252,0,0,0
176,4,0,1.56005797,1,1,1
177,0,1,-0.982325129,1,1,0
177,1,1,-0.195464346,0,0,0
177,2,0,1.906988291,0,0,1
178,0,0,2.202520725,0,1,0
178,1,1,-0.640170042,1,1,0
178,2,0,2.225363393,0,0,1
179,0,1,-0.525900161,1,1,0
179,1,0,1.840207972,0,0,1
180,0,1,0.394540541,1,0,0
180,1,1,-0.738659683,0,0,0
180,2,0,1.675308238,0,1,0
180,3,0,1.514341479,1,1,0
180,4,0,1.192945778,1,1,0
181,0,1,-0.235111105,1,0,0
181,1,1,-0.462819997,0,0,0
181,2,1,-1.324823964,0,0,0
181,3,1,-0.876131232,0,0,0
181,4,1,-0.362379566,0,0,1
182,0,1,1.580297552,0,0,0
182,1,1,0.245664635,0,0,0
182,2,0,2.153072319,0,0,0
182,3,0,1.598053626,1,1,0
182,4,0,1.1983176,1,1,0
183,0,0,-0.347612178,0,0,0
183,1,1,-2.944611569,1,0,0
183,2,0,0.459641335,0,0,1
184,0,0,0.510668358,1,1,0
184,1,0,1.576250439,0,0,1
185,0,0,0.254491013,1,1,0
185,1,0,0.905312633,0,1,1
186,0,0,-1.419620626,1,0,0
186,1,0,-0.676350344,0,0,0
186,2,1,-1.587167765,1,1,0
186,3,1,-0.311582149,0,0,0
186,4,1,-0.761508139,0,0,0
187,0,0,-0.306342267,0,0,0
187,1,0,0.106826975,0,1,0
187,2,0,1.75278823,1,1,0
187,3,1,-0.555321198,1,1,0
187,4,1,-0.110466742,0,0,1
188,0,0,-0.950300396,0,1,0
188,1,0,-0.825656807,0,0,0
188,2,0,-0.622530437,0,0,0
188,3,0,-0.594357761,0,0,0
188,4,0,-1.094329957,1,1,0
189,0,1,2.223413163,1,0,1
190,0,1,-0.713431109,0,1,0
190,1,1,-0.706897437,0,0,0
190,2,1,-0.887505959,0,0,0
190,3,1,-0.752265332,0,0,0
190,4,1,-0.887210763,0,0,0
191,0,1,0.461569027,0,0,0
191,1,0,2.119985071,1,1,0
191,2,1,0.111609571,1,1,0
191,3,1,0.42406252,0,1,0
191,4,1,-0.212580046,0,0,0
192,0,0,-0.430474818,0,0,0
192,1,0,-0.692872092,0,1,0
192,2,0,0.128379695,0,0,0
192,3,0,0.632236865,0,1,0
192,4,1,-1.545452566,1,0,0
193,0,1,-0.963542557,0,1,0
193,1,1,-0.610672714,0,0,0
193,2,1,-0.156142446,0,1,0
193,3,0,2.507858014,1,1,0
193,4,0,1.661986345,1,1,0
194,0,0,-0.548364288,0,1,0
194,1,1,-1.936939802,0,0,0
194,2,1,-1.464272604,0,0,0
194,3,1,-1.177147685,0,0,0
194,4,0,1.544967884,0,0,1
195,0,1,0.050275519,1,0,0
195,1,1,1.029474635,0,0,0
195,2,0,1.519470523,1,1,0
195,3,0,1.230606686,1,1,0
195,4,1,-0.16183681,1,1,0
196,0,1,0.284221822,1,0,0
196,1,1,-0.530377779,0,0,0
196,2,1,0.126206189,0,0,0
196,3,1,-0.682337583,0,1,0
196,4,1,0.548668764,0,0,1
197,0,1,0.610828829,0,0,0
197,1,1,-0.611946988,1,1,0
197,2,1,-0.191201544,0,0,0
197,3,0,2.017884904,0,0,1
198,0,1,-1.91508131,0,1,0
198,1,1,-0.341867902,0,0,1
199,0,1,-0.034914934,0,1,0
199,1,1,0.081619535,0,0,0
199,2,1,0.994405377,0,0,1
200,0,0,-0.74930231,1,0,0
200,1,0,-0.895216052,0,0,0
200,2,0,0.208250702,1,0,0
200,3,0,-0.31060961,0,0,0
200,4,1,-2.120389311,1,1,0
201,0,1,-0.076793018,1,1,0
201,1,1,0.166881158,1,1,0
201,2,1,0.03628295,1,1,0
201,3,1,0.82897091,0,0,1
202,0,1,0.914309278,0,1,1
203,0,1,-0.628546113,1,1,0
203,1,1,0.066265805,1,1,1
204,0,0,-0.415792001,1,1,0
204,1,0,0.042416061,1,1,0
204,2,1,-0.961058521,0,0,0
204,3,1,0.347760649,0,0,1
205,0,1,0.636519901,1,0,0
205,1,1,-0.863014293,1,1,0
205,2,0,1.60566112,0,0,1
206,0,0,-0.739568077,1,1,0
206,1,0,-0.26693608,0,0,0
206,2,1,-2.189215421,1,1,0
206,3,1,-0.662252644,0,0,0
206,4,1,-1.326387747,0,1,0
207,0,0,-0.199423541,0,1,0
207,1,1,-1.656623104,0,0,0
207,2,0,0.409707919,0,1,0
207,3,1,-0.144575685,1,1,0
207,4,0,2.243016178,0,0,1
208,0,1,-0.194671269,1,1,0
208,1,0,1.47379896,1,1,0
208,2,0,2.37646966,1,1,0
208,3,1,0.054472306,1,0,0
208,4,1,-0.547382468,0,0,0
209,0,1,-0.727585696,0,0,0
209,1,1,-0.393097694,0,0,1
210,0,1,0.012583625,1,1,0
210,1,0,2.588724534,0,0,1
211,0,1,1.337239202,1,0,1
212,0,0,1.08187101,1,1,0
212,1,1,-0.072195363,0,0,1
213,0,1,-0.11877705,1,0,0
213,1,1,-0.302405955,1,0,0
213,2,1,-0.558281581,0,0,0
213,3,1,-0.6593234,0,0,1
214,0,0,0.13540416,0,0,0
214,1,1,-1.858034953,0,0,0
214,2,1,-1.134087445,0,1,0
214,3,1,-0.715930837,0,0,0
214,4,1,-0.098282175,0,0,0
215,0,1,-1.867924405,0,0,0
215,1,1,-1.667695249,0,0,0
215,2,1,-1.228087397,0,0,0
215,3,1,-0.141503827,0,0,0
215,4,1,-0.477406938,0,0,0
216,0,0,0.624205321,0,0,0
216,1,1,-1.708159294,1,1,0
216,2,0,1.28268515,0,0,0
216,3,1,-0.91814171,1,1,0
216,4,0,1.598996264,0,0,1
217,0,1,-0.217811151,0,0,0
217,1,1,-0.96621977,0,0,0
217,2,0,1.645077953,0,0,0
217,3,1,-1.027551344,1,1,0
217,4,1,-1.218285381,0,0,0
218,0,1,0.724445451,0,1,0
218,1,1,-0.008767798,1,0,0
218,2,0,1.367593699,0,0,1
219,0,0,0.193789716,1,1,0
219,1,1,-1.277212105,0,1,0
219,2,1,-0.462363705,0,0,0
219,3,1,-1.146362459,1,1,0
219,4,0,2.009938,0,0,1
220,0,1,1.534893772,1,0,1
221,0,0,0.480003171,0,1,0
221,1,0,1.557687935,1,1,0
221,2,1,0.142396839,1,1,1
222,0,0,0.995279664,0,1,1
223,0,1,0.972023307,1,0,1
224,0,0,0.648554171,0,1,0
224,1,0,0.873598027,1,0,0
224,2,1,-1.634259671,0,0,0
224,3,0,1.190508493,0,1,0
224,4,0,1.743793348,1,1,0
225,0,0,-1.744182392,0,0,0
225,1,0,-0.397587317,0,0,0
225,2,0,-1.381993092,0,1,0
225,3,1,-2.332578984,0,0,0
225,4,0,1.135188291,0,0,1
226,0,1,2.014272024,0,1,1
227,0,0,2.560407937,0,1,1
228,0,1,0.228729665,1,1,0
228,1,1,-0.674668114,1,1,0
228,2,1,-0.771474141,0,0,0
228,3,1,0.103078187,0,0,1
229,0,1,0.050839848,0,0,1
230,0,1,-1.860597882,0,1,0
230,1,1,0.418008233,0,0,1
231,0,1,0.852783507,1,0,0
231,1,1,-0.238864795,0,0,0
231,2,0,1.570928827,0,0,0
231,3,0,0.82576461,1,0,0
231,4,0,0.332225569,0,0,0
232,0,0,-0.056903643,0,0,0
232,1,1,-2.740827258,0,0,0
232,2,1,-1.589569775,0,0,0
232,3,1,-1.574627243,0,0,0
232,4,1,-1.737897484,0,0,0
233,0,0,1.986617892,1,1,0
233,1,0,0.798137133,1,0,0
233,2,0,-0.725613398,1,1,0
233,3,1,-1.972365684,0,0,0
233,4,1,-1.28518651,0,0,0
234,0,1,0.456409222,1,0,0
234,1,0,1.501783138,0,0,1
235,0,1,-0.168692883,0,1,0
235,1,1,-0.063656773,0,0,0
235,2,1,-0.93386423,1,1,0
235,3,0,1.766672821,0,0,0
235,4,0,0.578491603,1,1,0
236,0,1,0.253419543,0,1,1
237,0,0,1.10152904,1,1,0
237,1,0,0.224702415,0,0,0
237,2,1,-1.551247478,0,0,0
237,3,1,-0.983008224,0,0,0
237,4,0,1.226713257,0,0,0
238,0,1,-0.145315861,1,0,0
238,1,0,1.323388393,0,0,0
238,2,0,0.682370811,1,1,0
238,3,1,-0.685128442,1,1,0
238,4,1,-0.239939873,1,1,0
239,0,1,0.878771975,1,0,0
239,1,1,0.241902224,0,0,0
239,2,1,0.179762036,0,0,0
239,3,1,-0.842600554,1,1,0
239,4,0,2.156663582,0,1,0
240,0,1,-0.035010304,0,0,0
240,1,1,-0.712649406,0,0,0
240,2,1,-1.37081633,0,0,0
240,3,0,1.142785068,0,0,1
241,0,1,-1.752576103,0,1,0
241,1,1,-0.131312566,0,0,0
241,2,1,-0.434386737,0,0,0
241,3,1,-0.772325125,0,0,0
241,4,1,-0.683483455,0,0,1
242,0,1,1.292332467,1,1,0
242,1,1,0.763815632,1,1,1
243,0,1,-0.714608621,0,0,0
243,1,1,-0.755004263,0,0,0
243,2,0,1.966443545,0,0,0
243,3,0,0.336926567,1,1,0
243,4,1,-1.729886792,0,0,0
244,0,1,0.510279258,0,1,0
244,1,0,2.573152715,1,1,0
244,2,0,1.046448286,1,1,0
244,3,0,0.519469941,1,1,0
244,4,0,0.319195356,1,1,0
245,0,0,-0.32451819,1,1,0
245,1,1,-1.089808429,0,0,0
245,2,0,1.702092093,0,0,1
246,0,0,-1.643556463,0,0,0
246,1,0,-0.295487334,0,0,0
246,2,1,-2.191877155,1,1,0
246,3,1,0.045784829,0,0,1
247,0,0,0.354028187,0,1,0
247,1,0,1.340389034,0,0,1
248,0,0,-0.36834802,1,0,0
248,1,0,-0.48186924,1,1,0
248,2,1,-1.496288695,0,0,0
248,3,0,1.049560811,0,0,1
249,0,1,-0.644739743,1,0,0
249,1,1,-0.525670248,0,0,0
249,2,1,0.274308529,0,0,0
249,3,1,-0.158134589,1,1,0
249,4,1,0.284520012,0,0,1
250,0,1,0.87760884,0,0,1
251,0,1,1.054210391,1,0,1
252,0,0,-1.346263932,0,0,0
252,1,1,-2.313479089,1,1,0
252,2,1,-0.637861069,0,1,0
252,3,1,-0.287641964,0,1,1
253,0,1,0.507659617,1,0,0
253,1,1,-0.392354514,0,0,0
253,2,1,-0.951719493,0,0,1
254,0,0,0.482655549,0,1,0
254,1,0,0.129995676,1,1,0
254,2,1,-1.188537993,1,1,0
254,3,0,1.132093538,0,0,0
254,4,1,-1.645695338,1,1,0
255,0,0,-1.110975183,0,1,0
255,1,0,0.258675674,0,0,0
255,2,1,-1.588831491,1,1,0
255,3,1,-0.952476316,0,0,0
255,4,0,0.737685384,0,0,0
256,0,0,0.672546345,0,1,0
256,1,1,-1.642530884,0,0,0
256,2,1,-1.493312558,0,0,0
256,3,1,-0.12591743,0,0,0
256,4,1,-0.197656822,1,1,0
257,0,0,-0.991439932,1,1,0
257,1,0,0.123927831,1,1,0
257,2,0,0.902115075,1,1,0
257,3,0,0.794317821,1,1,0
257,4,0,0.618508254,1,1,0
258,0,0,0.93876527,0,1,0
258,1,0,1.100046781,0,0,0
258,2,1,-0.880995765,1,1,0
258,3,1,0.191563922,0,0,1
259,0,1,-0.223290215,0,0,0
259,1,0,1.653876557,0,0,0
259,2,1,-2.037264455,1,0,0
259,3,0,0.832420289,0,0,0
259,4,1,-1.665078685,1,1,0
260,0,0,0.760805423,1,0,0
260,1,1,-1.33704733,1,1,0
260,2,1,-0.501153286,0,0,0
260,3,1,-0.183092292,0,0,1
261,0,0,-0.216110022,0,1,0
261,1,1,-1.884524749,1,1,0
261,2,1,-1.12860792,0,0,0
261,3,1,-0.982646073,0,0,0
261,4,1,-2.485688048,0,0,0
262,0,0,0.159931737,0,1,0
262,1,1,-0.418221066,0,0,0
262,2,1,-0.980396768,1,1,0
262,3,1,-0.76072242,0,0,0
262,4,1,-1.490144795,0,0,0
263,0,1,1.176357239,1,0,0
263,1,1,-0.226934799,1,1,0
263,2,1,-0.216763658,0,0,1
264,0,0,-1.269734561,1,1,0
264,1,0,-0.811798395,0,0,0
264,2,1,-3.161044712,0,0,0
264,3,0,0.216942179,0,0,0
264,4,1,-2.511369222,1,1,0
265,0,0,0.29193149,0,1,0
265,1,1,-1.666785776,1,1,0
265,2,1,0.401388611,0,1,0
265,3,1,-0.539880475,0,0,1
266,0,1,0.987132931,0,0,1
267,0,0,-0.968604721,1,1,0
267,1,0,0.808107925,0,0,0
267,2,0,0.659197468,1,1,0
267,3,1,-1.321470245,1,1,0
267,4,1,-1.138687813,0,0,0
268,0,0,-0.151215379,0,1,0
268,1,0,1.579171533,0,0,0
268,2,0,-0.326879446,1,0,0
268,3,0,-0.92096486,0,0,0
268,4,1,-2.822006913,0,1,0
269,0,0,0.049972317,0,0,0
269,1,1,-2.278883537,1,1,0
269,2,1,-0.292112468,0,0,0
269,3,1,-0.048182305,0,0,0
269,4,1,-0.664201648,0,0,0
270,0,0,-0.275634152,1,0,0
270,1,1,-2.671323703,0,0,0
270,2,0,0.396156436,0,0,0
270,3,0,0.390681544,0,0,0
270,4,0,0.593768608,1,1,0
271,0,1,-0.394806648,1,0,0
271,1,1,-1.656303653,0,0,0
271,2,1,-1.64246844,0,0,0
271,3,1,-0.594227202,0,1,0
271,4,0,1.699779977,0,0,0
272,0,1,-0.870907277,0,1,0
272,1,1,-0.25190371,0,0,1
273,0,1,-0.55437278,1,0,0
273,1,1,-0.664241005,0,0,0
273,2,0,1.002749035,0,0,0
273,3,1,-1.359983792,1,1,0
273,4,1,-0.400222809,0,0,0
274,0,1,0.221333107,1,0,0
274,1,1,-0.653623339,0,0,0
274,2,1,-1.427086769,0,0,0
274,3,1,-1.739436891,0,0,0
274,4,1,-1.738513067,0,1,0
275,0,1,0.629948092,1,1,0
275,1,0,2.257542443,0,0,1
276,0,0,0.201787705,0,0,0
276,1,0,0.0200953,1,1,0
276,2,0,0.512120604,1,1,0
276,3,1,-1.161410385,1,1,0
276,4,1,0.344714093,0,0,1
277,0,0,-1.423227088,1,0,0
277,1,1,-1.965813368,0,0,0
277,2,1,-1.021218018,0,0,0
277,3,1,-1.133830593,0,0,0
277,4,0,0.925895613,0,0,1
278,0,1,-0.669591183,1,1,0
278,1,0,2.362854053,0,0,1
279,0,0,1.454773816,1,1,1
280,0,1,0.768213552,0,0,0
280,1,1,0.322311285,1,1,0
280,2,1,0.614450624,0,0,0
280,3,1,0.160300277,1,1,0
280,4,1,0.139876293,0,1,0
281,0,0,0.336059829,0,0,0
281,1,1,-1.789216709,1,1,0
281,2,1,0.060987766,0,0,0
281,3,1,-0.350025831,0,0,0
281,4,0,2.301864685,0,0,1
282,0,1,0.648094618,1,1,0
282,1,1,0.463856081,0,1,0
282,2,0,2.767369458,0,0,1
283,0,0,-0.386625238,1,1,0
283,1,0,1.139652003,0,0,0
283,2,0,0.195833015,0,0,1
284,0,1,0.527850782,1,0,0
284,1,0,1.672050827,0,0,1
285,0,1,-0.703948093,1,0,0
285,1,0,1.596387671,0,0,1
286,0,1,-0.608161806,0,1,0
286,1,1,-0.192663811,0,0,1
287,0,1,-1.119638911,0,0,1
288,0,0,0.204318118,0,0,0
288,1,1,-1.796219922,0,0,0
288,2,1,-1.154262923,0,1,0
288,3,1,0.036191731,0,1,0
288,4,1,-0.920348344,0,0,0
289,0,0,1.517966064,1,0,0
289,1,0,1.053805651,1,1,0
289,2,1,-1.079825572,1,1,0
289,3,1,-0.295386331,0,0,1
290,0,1,1.203947614,1,1,0
290,1,0,2.357943406,1,1,0
290,2,0,1.755506123,1,0,0
290,3,0,0.903710641,1,0,0
290,4,0,0.25171079,0,0,0
291,0,1,-0.240803474,0,0,0
291,1,1,-1.121850921,0,0,0
291,2,1,-0.647096358,0,0,1
292,0,0,1.497110586,0,1,1
293,0,1,-0.64519359,1,0,1
294,0,0,1.140931102,1,1,0
294,1,0,1.567661179,1,1,1
295,0,0,-0.720892119,1,1,0
295,1,0,0.410593261,0,0,0
295,2,1,-1.531996905,1,1,0
295,3,1,-0.273004279,0,1,1
296,0,1,0.50807174,0,0,1
297,0,0,2.246199756,1,0,0
297,1,0,0.509459448,1,1,0
297,2,1,-0.334646576,1,1,0
297,3,1,0.653751738,1,1,0
297,4,1,1.202562989,1,1,0
298,0,1,0.343806679,0,1,0
298,1,1,0.832235388,0,0,1
299,0,0,1.39803136,1,1,0
299,1,1,0.148418777,1,1,0
299,2,0,1.994593515,1,1,0
299,3,0,1.640660678,1,1,0
299,4,1,-0.28765697,1,1,0
300,0,0,-0.897280777,1,0,0
300,1,0,-1.801033027,0,0,0
300,2,0,-0.92625743,0,0,0
300,3,1,-2.011059458,0,0,0
300,4,0,0.280115687,0,0,0
301,0,1,-2.568634487,0,1,0
301,1,0,0.991311391,0,0,1
302,0,0,-1.320147051,0,1,0
302,1,0,0.395069221,0,1,0
302,2,1,-1.684207601,0,1,0
302,3,0,1.914466588,0,0,0
302,4,0,-0.009665944,1,1,0
303,0,1,0.622519948,0,0,1
304,0,0,0.059104063,1,0,1
305,0,1,1.615762862,1,0,0
305,1,1,0.046501599,1,0,0
305,2,1,-0.376318914,1,1,0
305,3,0,2.229064444,0,0,1
306,0,1,-0.805982482,0,0,0
306,1,1,-1.290936307,0,0,0
306,2,1,-0.50030124,0,0,0
306,3,1,-0.086821727,0,0,0
306,4,1,0.318929705,1,1,0
307,0,0,0.829185999,1,0,0
307,1,1,-1.74237843,1,1,0
307,2,1,-0.15692449,0,0,1
308,0,1,0.158697771,1,0,1
309,0,0,-0.526290605,0,1,0
309,1,1,-1.976839408,1,1,0
309,2,1,-0.38479905,0,1,1
310,0,1,1.406338939,1,1,1
311,0,0,1.614109588,0,1,0
311,1,0,2.137212225,1,0,0
311,2,1,-1.451934827,1,1,0
311,3,1,-0.886970627,0,1,0
311,4,1,-0.091938034,0,0,1
312,0,0,-2.920528177,0,0,0
312,1,0,-0.964681656,0,1,0
312,2,1,-2.547519376,0,0,0
312,3,1,-1.23763752,0,0,0
312,4,1,-0.268832576,0,0,1
313,0,1,0.673091831,0,1,1
314,0,1,-0.78980722,1,0,0
314,1,1,-1.535226948,0,1,0
314,2,1,-0.664645612,0,0,0
314,3,1,-0.425033135,0,0,0
314,4,1,0.09552088,0,0,1
315,0,0,-0.903581869,1,0,0
315,1,1,-2.71804469,0,0,0
315,2,1,-1.029125331,0,0,0
315,3,0,0.925346299,0,1,0
315,4,0,1.442227843,1,0,0
316,0,0,-2.247845115,0,1,0
316,1,1,-3.459678851,0,0,0
316,2,1,-1.923183628,0,0,0
316,3,1,-1.406770548,0,0,0
316,4,1,-1.232189258,0,0,0
317,0,1,1.477446642,0,0,1
318,0,0,-0.675112929,0,0,0
318,1,1,-2.113579874,0,0,0
318,2,0,0.844399813,0,0,0
318,3,1,-2.506511811,1,1,0
318,4,1,-1.091790793,0,0,0
319,0,0,0.891245039,0,0,0
319,1,0,0.372034328,1,1,0
319,2,0,1.441937961,1,1,0
319,3,1,-1.141145197,1,1,0
319,4,1,-0.369636032,0,0,1
320,0,1,-0.008824999,0,1,1
321,0,0,-0.37072851,1,0,0
321,1,1,-1.885417222,0,0,0
321,2,0,1.273699473,0,0,0
321,3,1,-2.001778487,1,1,0
321,4,1,-0.548224328,0,0,0
322,0,1,1.348533904,0,0,1
323,0,0,0.70793896,0,1,1
324,0,1,-0.483140916,1,1,0
324,1,1,-0.291116144,0,0,0
324,2,0,1.244847404,0,0,0
324,3,1,-2.347743748,1,0,0
324,4,1,-1.566037343,0,0,0
325,0,1,0.939336968,0,1,1
326,0,1,1.561711146,0,0,1
327,0,0,-0.621340854,1,1,0
327,1,1,-1.551133751,0,0,1
328,0,1,-0.401463918,1,0,0
328,1,1,-0.029211889,1,1,0
328,2,1,0.146355212,1,1,0
328,3,1,0.320307446,1,1,1
329,0,1,-0.355472226,0,0,0
329,1,0,1.900304964,0,0,0
329,2,1,-1.450778782,1,1,0
329,3,0,0.818529088,0,0,0
329,4,0,-0.165690798,1,0,0
330,0,1,-0.460203812,0,1,0
330,1,1,0.384883454,0,0,1
331,0,0,0.295867903,1,0,0
331,1,0,0.417843111,1,1,0
331,2,0,0.584087286,1,1,0
331,3,1,-0.86055345,1,1,0
331,4,1,-0.86966549,0,0,1
332,0,0,-1.792697964,0,0,0
332,1,0,-0.2817998,0,0,0
332,2,1,-2.270869376,1,1,0
332,3,1,-1.001609063,0,0,0
332,4,1,-0.759719853,0,0,0
333,0,1,-0.867311943,0,1,1
334,0,0,-0.625390167,1,0,0
334,1,1,-2.579620815,0,0,0
334,2,1,-1.347702361,0,0,0
334,3,1,-1.017839702,0,1,0
334,4,1,0.080361336,0,0,0
335,0,0,-1.417390333,1,0,0
335,1,1,-2.711255246,0,0,0
335,2,1,-1.720956256,0,0,0
335,3,1,-1.427890128,0,0,0
335,4,1,-0.308050796,0,0,1
336,0,0,1.807100511,0,1,1
337,0,0,-0.255792508,0,1,0
337,1,1,-1.769177167,0,0,0
337,2,0,1.876137868,0,0,0
337,3,0,0.561026597,1,1,0
337,4,1,-1.044851076,1,1,0
338,0,0,-2.233564962,0,1,0
338,1,0,-0.757974272,0,0,0
338,2,0,-1.019487009,0,0,0
338,3,0,0.617510646,0,0,1
339,0,0,0.903177636,1,0,0
339,1,0,0.431039337,1,1,0
339,2,1,-0.823937711,1,0,0
339,3,0,2.031484196,0,0,1
340,0,1,0.96781912,0,0,1
341,0,0,0.222807905,0,1,0
341,1,0,1.439015246,0,0,1
342,0,0,-1.008687146,0,1,0
342,1,0,-0.142517513,0,0,0
342,2,1,-2.05488905,1,1,0
342,3,0,1.589962509,0,0,0
342,4,0,0.552853069,1,1,0
343,0,1,0.327200392,1,1,0
343,1,1,0.548141197,0,0,1
344,0,1,0.777131191,1,1,0
344,1,1,0.135350981,1,1,0
344,2,1,0.529329823,1,1,0
344,3,1,1.114908419,1,1,0
344,4,1,0.715730026,1,0,1
345,0,0,0.08183151,0,1,0
345,1,1,-1.332107582,1,1,0
345,2,0,0.989683952,0,0,1
346,0,1,-0.331833965,1,1,0
346,1,1,-0.092899012,0,0,0
346,2,0,1.875835805,0,0,1
347,0,1,-0.563549726,0,0,1
348,0,1,0.451443993,1,0,0
348,1,1,-0.269496292,1,1,0
348,2,1,-0.590617968,0,0,0
348,3,1,-0.601620044,0,0,0
348,4,1,0.478188126,0,0,1
349,0,0,-0.205588559,1,0,0
349,1,0,0.166056703,1,1,0
349,2,1,-1.942383248,1,1,0
349,3,0,2.379299825,0,0,0
349,4,1,-1.305695806,1,1,0
350,0,0,-0.042466247,1,0,0
350,1,0,-0.947686701,0,1,0
350,2,1,-1.331405069,1,1,0
350,3,0,1.007070894,0,0,0
350,4,1,-0.702870354,0,0,0
351,0,1,-1.357104244,0,0,0
351,1,1,-1.885195825,0,0,0
351,2,0,0.412031921,0,0,0
351,3,0,0.619546837,1,1,0
351,4,1,-1.513787592,0,0,0
352,0,1,-0.185136612,0,0,1
353,0,0,2.566164422,0,1,0
353,1,1,0.057377496,1,1,0
353,2,1,-0.349452967,0,0,1
354,0,1,1.454990583,0,1,1
355,0,1,-2.836319543,1,1,0
355,1,1,-0.705602757,0,0,0
355,2,1,-1.63673481,0,1,0
355,3,1,-0.80346401,0,0,0
355,4,1,-0.727614321,0,0,0
356,0,1,-0.264050573,1,1,0
356,1,1,-0.411005468,0,0,1
357,0,1,0.046212739,0,1,1
358,0,1,-1.579536018,0,0,0
358,1,1,-0.453038637,0,0,0
358,2,1,-0.554381299,1,1,0
358,3,1,-0.250859879,0,1,0
358,4,0,1.580970757,0,0,1
359,0,0,-1.649690635,0,1,0
359,1,1,-2.052767683,0,0,0
359,2,1,-1.009187725,0,0,0
359,3,1,-0.384382264,0,0,0
359,4,1,-0.889780117,0,0,1
360,0,0,-0.737237446,1,1,0
360,1,1,-1.740439101,0,1,0
360,2,1,-0.519908973,0,0,1
361,0,0,0.429987466,1,0,0
361,1,0,0.032611068,0,0,0
361,2,1,-2.709257229,1,1,0
361,3,0,1.274608276,0,0,0
361,4,0,0.354492862,1,1,0
362,0,0,0.404665293,0,0,0
362,1,0,-0.15982647,1,1,0
362,2,0,0.517101732,1,1,0
362,3,0,1.332618422,1,1,0
362,4,1,-1.5283881,1,1,0
363,0,1,-1.639039584,0,0,0
363,1,1,-1.275375571,0,0,0
363,2,1,-0.785627104,0,0,1
364,0,0,-0.194687227,0,0,0
364,1,0,-0.236971746,0,0,0
364,2,1,-1.890040869,1,1,0
364,3,1,-0.627874221,0,0,0
364,4,1,-0.3956453,0,0,1
365,0,0,-0.233796559,1,1,0
365,1,0,0.435453809,0,0,0
365,2,1,-2.250877065,1,1,0
365,3,1,-2.069567497,0,0,0
365,4,1,-0.993126217,0,0,0
366,0,1,-0.023976529,0,1,1
367,0,1,0.475030397,1,0,0
367,1,0,1.497345418,0,0,1
368,0,0,0.690021494,0,1,0
368,1,0,0.225143791,1,1,0
368,2,1,-0.864993369,1,1,0
368,3,0,1.921289019,0,0,1
369,0,0,-0.559251953,0,1,0
369,1,1,-2.126531494,0,0,0
369,2,0,0.446385974,0,0,1
370,0,1,-0.733957434,1,1,0
370,1,1,-0.645074444,0,0,0
370,2,1,-0.814492049,0,0,0
370,3,0,1.293740711,0,0,1
371,0,1,-1.096385954,0,1,0
371,1,1,-0.402967535,0,0,0
371,2,1,-0.856298032,0,0,1
372,0,0,0.247290735,1,0,0
372,1,1,-1.094341424,1,1,0
372,2,1,-1.047476754,0,0,0
372,3,0,1.258319017,0,0,1
373,0,0,-1.158747895,1,1,0
373,1,0,0.331237986,0,0,0
373,2,1,-1.781377085,1,1,0
373,3,1,-1.136131341,0,0,1
374,0,0,1.99228671,0,0,1
375,0,0,-0.351911222,0,1,1
376,0,1,-1.285073391,0,1,0
376,1,1,-0.333740543,0,0,1
377,0,1,-0.249470967,0,1,0
377,1,1,0.299817901,0,0,0
377,2,0,1.624363893,0,0,0
377,3,1,-1.963358086,1,1,0
377,4,1,-0.698959722,1,1,0
378,0,0,0.030994973,0,1,0
378,1,1,-1.732616421,1,1,0
378,2,1,-0.784353939,0,0,0
378,3,1,-1.042735361,0,1,0
378,4,0,1.140794717,0,0,1
379,0,0,-0.095288298,1,0,0
379,1,0,-0.869300806,1,1,0
379,2,1,-2.505548508,0,0,0
379,3,0,0.720950174,0,0,1
380,0,1,-0.199377233,1,0,0
380,1,1,-0.397889452,0,0,1
381,0,0,-0.936714715,0,0,0
381,1,1,-2.474864985,0,0,0
381,2,1,-1.006228387,0,0,0
381,3,0,1.240183035,0,0,0
381,4,0,0.813925531,1,0,0
382,0,1,-1.228245917,0,0,0
382,1,1,-0.659185471,0,0,0
382,2,1,-1.689235755,0,0,0
382,3,0,0.573180133,0,0,0
382,4,0,-0.288974193,0,0,0
383,0,1,1.821240743,0,0,1
384,0,0,-0.545852017,0,0,0
384,1,1,-2.367302315,1,1,0
384,2,0,1.234967331,0,0,1
385,0,1,0.185412689,1,1,0
385,1,0,2.207716475,0,1,1
386,0,0,-0.523926954,0,0,0
386,1,0,-0.582834,0,0,0
386,2,1,-1.329356672,0,1,0
386,3,0,2.434688921,0,0,1
387,0,0,1.761237389,0,1,0
387,1,1,0.151287198,1,0,0
387,2,1,-0.769264843,0,0,0
387,3,1,-1.4162995,0,0,0
387,4,0,0.315702138,0,0,0
388,0,0,-0.202323416,1,0,0
388,1,0,0.262578702,1,1,0
388,2,1,-1.978617848,1,1,0
388,3,1,-0.076774159,0,1,0
388,4,1,0.639287656,0,0,0
389,0,0,-0.279216063,0,1,0
389,1,1,-0.619153685,0,0,1
390,0,1,-0.911975302,0,1,0
390,1,0,2.034836601,0,1,0
390,2,1,-0.141973864,1,1,0
390,3,1,1.320098441,0,0,1
391,0,1,-0.778385416,1,0,0
391,1,0,1.020603569,0,0,0
391,2,0,0.422998511,1,1,0
391,3,1,-1.241921764,1,1,0
391,4,1,0.000416576,0,0,0
392,0,1,-0.241608247,1,1,1
393,0,1,0.558182859,1,1,0
393,1,1,0.663962572,1,0,1
394,0,0,-0.189947347,0,0,0
394,1,1,-1.938220215,0,0,0
394,2,1,-0.828732762,0,0,0
394,3,1,-1.428226561,0,0,1
395,0,0,-1.507456998,0,1,0
395,1,0,0.484816237,0,0,0
395,2,1,-1.145872638,0,0,0
395,3,0,1.20548566,0,0,0
395,4,1,-0.384218939,1,1,0
396,0,1,-1.664795422,1,0,0
396,1,1,-1.243132745,0,0,0
396,2,0,1.185361994,0,0,0
396,3,1,-1.253646204,1,1,0
396,4,0,1.072608892,0,0,0
397,0,0,1.006948154,0,1,0
397,1,1,-1.660785781,1,1,0
397,2,1,-0.474899146,0,0,1
398,0,0,-1.208659631,1,1,0
398,1,0,-0.179016495,0,0,0
398,2,1,-1.983928069,1,1,0
398,3,1,-0.841353982,0,0,0
398,4,1,-1.683046434,0,0,0
399,0,0,0.048416302,0,0,0
399,1,1,-2.513337994,0,0,0
399,2,1,-1.099014465,0,0,0
399,3,1,-1.212517157,0,0,0
399,4,1,-1.488884526,0,0,0
400,0,1,1.344499219,0,1,1
401,0,1,-2.232581258,0,1,0
401,1,1,-1.761691462,0,0,0
401,2,1,0.013444601,0,0,0
401,3,0,1.651175197,1,1,0
401,4,0,1.268560427,1,1,0
402,0,0,0.096652791,1,0,0
402,1,1,-1.196182492,1,1,0
402,2,1,0.204959477,0,0,1
403,0,1,0.674710388,1,1,0
403,1,1,0.421191395,0,0,1
404,0,1,-0.75232262,1,1,0
404,1,1,0.261814784,0,0,1
405,0,1,-0.375322191,0,1,0
405,1,1,-0.369999766,0,0,0
405,2,1,-1.052167878,1,1,0
405,3,1,0.187707517,0,0,0
405,4,0,1.590149633,0,0,0
406,0,0,-1.259936238,1,0,0
406,1,0,0.191108406,0,0,0
406,2,0,0.5155931,0,0,0
406,3,0,0.244991406,0,0,0
406,4,0,-0.939613867,0,0,0
407,0,0,0.438962023,1,1,0
407,1,1,-0.549787101,1,1,0
407,2,0,1.624438573,0,0,0
407,3,0,-0.425831339,1,1,0
407,4,1,-2.049933838,0,0,0
408,0,0,-0.664957355,1,1,0
408,1,1,-1.636569363,0,0,0
408,2,0,0.249411463,0,0,0
408,3,0,-0.354819987,1,0,0
408,4,0,-0.95655355,0,0,0
409,0,0,0.756907066,0,1,0
409,1,1,-1.747906288,1,1,0
409,2,1,-1.93596484,0,0,0
409,3,1,-1.794587571,0,0,0
409,4,1,-1.500911479,0,1,0
410,0,1,0.440077544,0,0,0
410,1,0,1.231186301,0,0,0
410,2,0,0.420126351,1,1,0
410,3,0,1.265073999,1,1,0
410,4,0,0.908534258,1,1,0
411,0,0,0.504320211,1,0,0
411,1,1,-1.443321107,1,1,0
411,2,0,2.157776561,0,0,1
412,0,0,-0.034520607,0,1,0
412,1,0,0.859937107,0,0,0
412,2,0,0.996593984,0,1,1
413,0,1,-0.865306794,1,1,0
413,1,0,1.940137079,0,0,0
413,2,1,-1.505113059,1,1,0
413,3,0,2.18785148,0,0,1
414,0,0,2.450952454,0,0,1
415,0,1,-0.269365692,1,1,0
415,1,1,-0.480673741,0,0,0
415,2,1,-0.756323132,0,0,0
415,3,1,-0.214838626,0,0,1
416,0,0,-0.528926674,0,0,0
416,1,1,-2.512585434,0,0,0
416,2,0,0.599793579,0,1,0
416,3,0,1.867114393,0,0,1
417,0,1,-0.623352273,0,0,0
417,1,0,1.188263085,0,0,1
418,0,1,-0.204155518,0,1,1
419,0,0,0.136475902,0,1,0
419,1,0,1.14779686,1,1,0
419,2,1,-0.627689173,1,0,0
419,3,1,-0.687579379,1,1,0
419,4,1,-0.248344624,1,1,0
420,0,1,-1.36707626,1,1,0
420,1,1,-0.984822912,0,0,0
420,2,1,-1.504135905,0,0,0
420,3,1,-0.526347374,0,0,1
421,0,1,1.703614774,0,0,1
422,0,0,-1.376905239,1,1,0
422,1,1,-1.739153779,0,1,0
422,2,1,-0.025337934,0,0,1
423,0,0,-0.254580917,1,1,0
423,1,1,-1.42298015,0,0,0
423,2,1,-1.017727117,0,0,1
424,0,0,-0.091890533,1,1,0
424,1,1,-2.209867314,1,1,0
424,2,0,0.472718074,0,0,0
424,3,1,-1.527288629,0,1,0
424,4,1,-0.204305664,0,0,0
425,0,1,2.230171061,1,0,1
426,0,1,0.774141594,1,0,0
426,1,1,0.011641042,1,1,0
426,2,0,1.43108587,0,0,0
426,3,0,0.987733277,1,1,0
426,4,0,1.243853567,1,1,0
427,0,0,-2.440078545,0,0,0
427,1,0,-1.101944962,0,0,0
427,2,0,-1.170187265,0,0,0
427,3,0,-0.049350768,0,0,0
427,4,0,-0.107496405,1,1,0
428,0,1,-1.545995931,0,0,0
428,1,1,-0.844117012,0,0,0
428,2,0,1.831065619,0,0,1
429,0,0,-1.75557587,0,1,0
429,1,0,0.45729795,0,0,0
429,2,1,-1.477723939,0,0,0
429,3,1,-0.761621629,0,0,1
430,0,0,0.295665498,1,0,0
430,1,1,-2.348534175,0,0,0
430,2,1,-0.416777329,0,0,0
430,3,1,-0.948465561,0,0,0
430,4,0,1.10867972,0,0,0
431,0,1,-0.277206337,1,0,0
431,1,0,1.379001517,1,1,0
431,2,0,1.045677539,1,1,0
431,3,1,-0.970201302,1,1,0
431,4,1,0.208462373,0,0,0
432,0,1,0.168298964,1,0,1
433,0,0,0.048738634,0,1,0
433,1,0,0.621985241,0,0,1
434,0,1,0.122317037,0,0,1
435,0,0,1.410683777,0,0,1
436,0,1,-1.076514937,0,0,0
436,1,1,-0.974857894,0,1,0
436,2,0,1.867944367,0,0,1
437,0,1,1.47929714,1,1,1
438,0,1,-0.473957009,1,1,0
438,1,0,1.161896043,0,0,1
439,0,1,-0.712008097,0,1,0
439,1,1,-0.379292618,0,0,0
439,2,1,-0.976744395,0,1,0
439,3,1,-0.037154869,0,0,0
439,4,1,-0.209352986,0,0,1
440,0,1,0.111736995,0,0,0
440,1,1,-0.328604552,0,0,0
440,2,1,-0.61755228,0,1,1
441,0,0,-1.489429769,1,1,0
441,1,1,-2.673125143,1,1,0
441,2,1,-0.619400376,0,0,0
441,3,1,-0.346514169,1,1,0
441,4,1,0.41852568,0,0,1
442,0,0,-0.241657863,0,1,0
442,1,1,-2.369749978,0,0,0
442,2,0,1.699003753,0,0,1
443,0,1,0.106623048,1,0,0
443,1,1,-0.945255468,1,1,0
443,2,1,-0.545877849,0,0,0
443,3,1,-1.950344787,1,1,0
443,4,1,-0.565085004,0,0,0
444,0,0,0.447987801,1,0,0
444,1,0,0.73429014,1,1,0
444,2,1,-1.606744891,1,0,0
444,3,0,0.912636772,0,0,0
444,4,0,-0.349203111,1,1,0
445,0,1,0.514631628,0,0,1
446,0,1,-0.859555626,0,0,0
446,1,1,-1.640097111,0,0,0
446,2,1,-1.209057773,0,0,0
446,3,1,-1.445844668,0,0,1
447,0,1,0.411689128,1,1,0
447,1,1,1.0567997,0,0,0
447,2,0,1.858207653,0,0,1
448,0,0,-1.294975572,1,1,0
448,1,0,-0.329069073,0,0,0
448,2,1,-1.474343647,0,0,0
448,3,1,-0.533743292,0,0,1
449,0,0,-0.245353022,0,0,0
449,1,1,-3.41450742,0,0,0
449,2,0,0.179528229,0,0,1
450,0,1,-1.33847924,0,1,0
450,1,1,-0.449666671,0,0,0
450,2,1,-0.353274155,0,0,0
450,3,0,1.749594837,0,1,0
450,4,1,-0.409332821,1,1,0
451,0,1,1.541941323,1,1,0
451,1,1,1.323817399,1,1,1
452,0,1,0.370209661,1,0,0
452,1,1,-0.81200417,0,0,0
452,2,0,1.400653337,0,0,1
453,0,0,-1.61231484,0,0,0
453,1,0,-0.680231698,0,0,0
453,2,0,-0.144186296,0,0,1
454,0,1,2.782238947,0,0,1
455,0,1,-0.45766623,0,0,0
455,1,1,-0.936725172,1,1,0
455,2,1,0.59711525,0,0,1
456,0,1,-0.782735093,0,1,0
456,1,0,2.063674514,0,0,1
457,0,1,0.468899097,0,1,0
457,1,1,0.762397913,1,1,0
457,2,1,-0.00314771,1,0,0
457,3,1,-0.266637071,0,1,0
457,4,1,0.053844732,0,0,1
458,0,1,0.401736117,0,1,0
458,1,1,-0.176924238,0,0,0
458,2,1,-0.728043612,0,0,0
458,3,0,1.046563354,0,1,0
458,4,0,0.021429161,1,1,0
459,0,1,-2.107037291,0,0,0
459,1,1,-1.412228361,0,1,0
459,2,1,0.544834129,0,0,1
460,0,0,0.578536986,1,1,0
460,1,0,1.258123984,1,1,0
460,2,1,-1.22026531,1,1,0
460,3,1,-0.424336282,0,0,0
460,4,1,-0.979854877,0,0,0
461,0,1,-0.848789035,1,0,0
461,1,1,-0.670731527,0,0,0
461,2,1,-0.596418903,0,0,0
461,3,1,-0.167726907,0,0,0
461,4,1,-0.173288329,0,1,0
462,0,1,-0.528669146,1,0,0
462,1,1,-1.107761732,0,0,0
462,2,0,1.041692602,0,0,0
462,3,1,-1.212076789,1,1,0
462,4,1,0.018716059,0,0,0
463,0,1,2.831021583,0,1,1
464,0,1,0.989168852,1,1,0
464,1,1,0.082517782,1,1,0
464,2,1,0.351422851,0,0,0
464,3,0,1.390864825,1,1,0
464,4,0,0.474118154,1,0,0
465,0,1,1.200090005,1,0,0
465,1,0,2.067630091,1,1,0
465,2,0,1.270846325,1,1,0
465,3,1,-0.900277929,1,1,0
465,4,0,2.092244763,0,0,1
466,0,1,0.288410586,1,1,0
466,1,1,-0.114178898,0,1,0
466,2,1,-0.371793155,0,0,0
466,3,1,-0.473708299,0,0,1
467,0,0,-0.302444392,0,1,1
468,0,0,0.009695119,0,0,0
468,1,0,-0.031282258,1,1,0
468,2,1,-1.240512789,1,1,0
468,3,0,1.880818995,0,0,0
468,4,0,0.583099471,1,1,0
469,0,0,-1.614206415,0,1,0
469,1,0,-0.444754861,0,0,0
469,2,1,-2.158666059,1,1,0
469,3,0,1.198549285,0,0,0
469,4,1,-1.211658898,1,1,0
470,0,1,0.239614194,0,0,1
471,0,1,-0.671357407,0,1,0
471,1,1,-0.105951114,0,0,0
471,2,0,0.854898427,0,0,0
471,3,0,0.490961577,1,1,0
471,4,0,0.943287426,1,1,0
472,0,1,0.566177201,0,0,0
472,1,1,0.155710039,0,0,1
473,0,1,-1.145896596,1,0,0
473,1,1,-0.744359158,0,0,0
473,2,1,-0.370423654,0,0,0
473,3,1,-0.448032086,1,1,0
473,4,1,0.308413063,1,1,0
474,0,1,1.068656752,0,0,1
475,0,1,-0.20122797,0,0,1
476,0,1,0.280598019,1,1,0
476,1,1,-0.281721384,0,1,0
476,2,1,0.277487923,1,1,0
476,3,1,0.574262022,1,1,0
476,4,0,1.473048127,0,0,0
477,0,1,-0.522641789,0,1,0
477,1,0,2.498294207,0,0,1
478,0,0,-0.836828315,0,1,0
478,1,1,-2.57388574,0,0,0
478,2,1,-1.498201025,0,0,0
478,3,1,-1.21994233,0,0,0
478,4,1,-0.516668238,0,0,1
479,0,1,-0.115174087,1,1,0
479,1,0,2.871949882,0,0,0
479,2,1,-0.297110437,1,1,0
479,3,1,0.046529027,0,0,0
479,4,1,0.191608207,1,1,0
480,0,1,0.471039484,1,1,0
480,1,1,-0.03627533,1,1,0
480,2,0,1.900658381,0,0,0
480,3,1,-1.273550183,1,1,0
480,4,1,-0.225862214,0,0,0
481,0,1,-0.74923757,1,0,0
481,1,1,-0.686092603,0,0,0
481,2,1,-0.958501726,0,0,0
481,3,0,1.86508369,1,1,0
481,4,0,1.671414553,1,1,0
482,0,1,0.102731124,0,0,1
483,0,0,1.663954449,1,1,0
483,1,1,-1.012527675,1,0,0
483,2,0,1.892998401,0,0,0
483,3,0,1.117946964,1,1,0
483,4,1,-0.465842959,1,1,0
484,0,1,0.610363223,1,1,0
484,1,1,0.025389253,0,0,1
485,0,1,-0.195995264,0,0,1
486,0,0,0.993673494,1,0,0
486,1,0,0.478917659,1,1,0
486,2,1,-1.868742757,0,0,0
486,3,0,0.719210103,0,0,1
487,0,0,0.096190259,0,0,0
487,1,1,-1.404738872,1,1,0
487,2,1,-0.390232174,0,1,1
488,0,0,-1.135535176,0,1,0
488,1,0,-0.519494845,1,1,0
488,2,1,-2.033932672,1,1,0
488,3,1,-0.22779712,0,0,1
489,0,1,-1.118745963,0,0,0
489,1,1,-2.37555243,0,0,0
489,2,1,-2.552661117,0,0,0
489,3,1,-1.992425052,0,1,0
489,4,1,-1.286395439,0,0,0
490,0,1,0.565082894,0,0,1
491,0,1,-1.472856719,1,0,0
491,1,1,-0.409726346,0,1,0
491,2,1,1.171072137,1,1,0
491,3,1,0.459655382,0,0,1
492,0,0,0.963333043,1,0,0
492,1,0,1.132459671,0,0,1
493,0,0,-0.617794286,1,1,0
493,1,1,-0.917062292,1,1,0
493,2,1,-0.16617859,0,0,1
494,0,0,0.044698008,0,1,0
494,1,0,0.714276308,0,0,1
495,0,0,0.878589908,1,0,0
495,1,0,-0.10950613,1,1,0
495,2,1,-1.32556714,0,0,0
495,3,1,-0.854038683,0,0,0
495,4,1,-1.175199234,0,0,0
496,0,0,-1.83974779,0,1,0
496,1,1,-2.217502757,0,1,0
496,2,1,-0.792147481,0,0,0
496,3,1,-1.146775374,0,0,1
497,0,1,-0.631414233,0,1,0
497,1,1,-0.096443648,0,0,0
497,2,1,-0.678122302,0,0,0
497,3,0,1.467915729,0,0,1
498,0,1,-0.477501705,1,1,0
498,1,1,-0.050709334,0,0,1
499,0,0,-1.235219064,1,0,0
499,1,1,-1.303904754,0,0,0
499,2,0,1.095912884,0,0,1
500,0,0,0.569163986,0,1,1
501,0,1,-0.609345967,0,1,0
501,1,1,-0.586652154,0,0,1
502,0,0,-0.144981052,0,1,0
502,1,0,0.345772298,1,1,0
502,2,0,0.752311562,1,1,0
502,3,1,-0.593185165,1,1,0
502,4,1,-0.020935242,1,0,0
503,0,1,0.626433466,1,0,0
503,1,1,-0.973108478,1,1,0
503,2,0,1.519529927,0,0,1
504,0,0,0.971486878,1,1,0
504,1,0,0.425651701,1,1,0
504,2,0,1.054770954,1,1,0
504,3,1,-1.098215079,0,0,0
504,4,0,1.535451977,0,0,0
505,0,1,-0.529510531,0,0,0
505,1,1,-1.314244101,0,0,0
505,2,1,-0.35464952,0,1,0
505,3,1,-0.684298904,0,0,1
506,0,0,-1.59916211,1,0,0
506,1,1,-3.100659914,0,0,0
506,2,1,-1.089794142,0,0,0
506,3,1,-1.086921,0,0,0
506,4,1,-0.909045993,0,0,0
507,0,0,1.010570791,1,1,0
507,1,1,-0.698971731,1,1,0
507,2,1,-0.419227631,0,0,0
507,3,0,1.315628296,0,0,1
508,0,1,-0.930258094,0,1,0
508,1,1,-0.08277022,0,0,0
508,2,1,-0.807422431,1,1,0
508,3,0,2.346792587,0,0,1
509,0,1,-0.603915689,1,0,0
509,1,1,-0.68740997,0,0,0
509,2,1,-0.400317796,0,0,1
510,0,1,-0.283687088,1,1,0
510,1,0,1.729323259,0,0,1
511,0,0,0.171870452,0,0,1
512,0,1,-0.119975585,1,0,0
512,1,0,1.244334258,0,0,0
512,2,1,-0.895968839,0,0,0
512,3,0,1.513672286,0,0,1
513,0,1,1.767277711,0,0,1
514,0,1,0.675252053,1,0,0
514,1,1,0.010439803,0,0,0
514,2,0,0.58706379,1,1,0
514,3,1,-1.490935373,1,1,0
514,4,0,1.730329641,0,0,1
515,0,1,0.305642728,0,1,0
515,1,0,2.173759478,0,0,0
515,2,0,0.200811406,1,1,0
515,3,0,1.393348653,0,0,0
515,4,0,1.221722196,0,0,1
516,0,0,-0.819290183,1,1,0
516,1,1,-1.373630791,0,1,0
516,2,1,-0.14521075,0,0,0
516,3,1,-1.110452667,0,0,0
516,4,1,-1.530560519,0,0,0
517,0,1,-0.893644757,1,0,0
517,1,1,-1.56057824,0,0,0
517,2,1,-0.910395059,0,0,0
517,3,0,1.049335813,0,0,1
518,0,0,-0.803937649,1,0,0
518,1,0,-0.557939528,0,0,0
518,2,1,-1.486970589,0,1,0
518,3,1,-0.19995434,0,0,1
519,0,1,-0.884007382,1,1,0
519,1,1,-1.367459703,0,0,1
520,0,0,-0.26805485,1,1,0
520,1,0,0.392578689,0,0,0
520,2,1,-2.569299612,0,0,0
520,3,1,-1.499341084,0,1,0
520,4,1,-1.064822017,0,0,1
521,0,0,-1.375423023,0,1,0
521,1,0,0.844574959,0,0,1
522,0,1,1.664189332,0,0,1
523,0,1,0.424631606,0,1,0
523,1,1,0.811499945,1,1,1
524,0,1,-0.609815528,1,0,0
524,1,0,0.845093505,0,0,0
524,2,0,0.012795886,1,1,0
524,3,0,0.308070851,0,0,0
524,4,1,-1.018337519,1,1,0
525,0,1,-0.567750413,0,1,0
525,1,1,0.120750777,0,0,0
525,2,1,-0.649335521,1,1,0
525,3,1,-1.052400341,0,0,0
525,4,0,0.99744502,0,0,0
526,0,0,0.670651452,0,1,0
526,1,0,0.629306346,1,1,0
526,2,0,1.044448111,1,1,0
526,3,1,-0.403143803,1,1,0
526,4,0,2.146821044,0,0,1
527,0,0,-1.401009606,0,1,0
527,1,0,-0.139418706,0,0,0
527,2,0,-0.771005682,1,1,0
527,3,1,-1.273059858,1,1,0
527,4,1,-0.497320217,0,0,0
528,0,1,-0.551463786,1,0,0
528,1,0,0.479759359,0,0,0
528,2,1,-3.454269271,1,1,0
528,3,1,-0.91832392,0,1,0
528,4,1,-0.285226789,0,0,0
529,0,0,1.149537177,0,0,0
529,1,0,-0.335982611,1,1,0
529,2,0,0.806708856,0,0,1
530,0,1,0.996547265,1,1,0
530,1,1,0.351934362,1,1,0
530,2,1,0.027810072,1,1,0
530,3,1,0.361909991,0,0,1
531,0,1,1.940020376,1,0,0
531,1,1,0.219423912,1,1,0
531,2,0,1.547696988,1,1,0
531,3,0,1.859304184,1,0,0
531,4,1,-1.751379419,1,1,0
532,0,1,-1.039163343,1,0,0
532,1,0,1.52296872,0,0,1
533,0,0,0.579411537,1,1,0
533,1,1,-1.523904349,1,1,0
533,2,1,-0.585131135,0,0,0
533,3,1,-0.804480456,0,1,0
533,4,0,1.477256201,0,0,1
534,0,0,-0.082070042,0,1,0
534,1,0,1.206376174,0,0,0
534,2,0,-0.444335812,1,1,0
534,3,0,-0.376486513,0,0,0
534,4,1,-2.799085163,1,1,0
535,0,1,-0.935524981,0,1,1
536,0,1,0.229449257,1,0,0
536,1,1,-0.692495298,1,1,0
536,2,1,0.341835268,0,0,1
537,0,1,-1.34814496,0,0,0
537,1,0,-0.019076712,0,0,0
537,2,0,0.584861344,1,1,0
537,3,1,-0.913939469,1,1,0
537,4,1,-0.705253685,0,0,0
538,0,0,-0.869730317,1,0,0
538,1,0,-0.857695272,0,0,0
538,2,1,-2.089290509,0,0,1
539,0,1,0.013671893,1,0,0
539,1,1,-0.704280306,0,0,1
540,0,1,1.824451593,1,0,1
541,0,0,0.793821918,1,1,0
541,1,1,-1.075415611,1,1,0
541,2,1,-0.590234454,0,0,0
541,3,1,0.002497883,1,1,1
542,0,1,1.144277124,1,1,0
542,1,1,1.056466315,0,0,1
543,0,1,-0.543694052,0,1,0
543,1,1,-0.353451989,0,0,1
544,0,1,0.595025507,0,1,1
545,0,0,-0.342072183,1,1,0
545,1,0,0.900680441,0,0,0
545,2,1,-1.91970999,0,0,0
545,3,1,-1.15759206,0,0,0
545,4,1,-1.649545462,0,0,0
546,0,0,1.458846383,1,0,0
546,1,1,-1.045193447,1,1,1
547,0,0,1.557037863,0,0,1
548,0,0,-0.72574721,1,0,0
548,1,0,0.535911799,0,0,1
549,0,1,1.492829824,1,1,1
550,0,1,-0.554165533,0,0,0
550,1,1,-0.028831884,0,0,1
551,0,1,-0.57312965,0,0,1
552,0,0,0.498043304,0,1,0
552,1,0,0.754209376,1,1,0
552,2,1,-0.523581244,1,1,0
552,3,1,-0.414571406,0,0,1
553,0,0,-1.148757997,0,1,0
553,1,0,1.36914769,0,0,1
554,0,0,-1.710002854,0,0,0
554,1,0,0.010772011,0,0,0
554,2,0,-0.818934225,0,0,0
554,3,1,-1.399994406,0,0,0
554,4,0,1.69949608,0,0,0
555,0,0,-0.825564797,1,1,0
555,1,0,-0.080141801,0,0,0
555,2,1,-1.880507063,0,0,0
555,3,1,-1.840500852,0,0,0
555,4,0,1.206815053,0,0,0
556,0,1,0.437392938,0,1,1
557,0,0,0.412908152,1,0,0
557,1,0,0.286664799,1,0,0
557,2,0,-0.000136576,0,0,1
558,0,0,0.40227667,1,0,0
558,1,1,-2.773814209,0,0,0
558,2,0,0.23450646,0,1,0
558,3,1,-1.343821989,0,0,0
558,4,1,-2.136367926,0,1,0
559,0,1,0.822453038,0,0,1
560,0,1,-0.222509464,0,0,1
561,0,0,-0.817630104,0,1,0
561,1,1,-2.083479744,0,0,0
561,2,1,-1.155109064,0,0,0
561,3,0,1.004299559,0,0,0
561,4,0,-0.857710355,1,1,0
562,0,1,-0.784167539,0,0,0
562,1,1,-1.404591256,0,0,0
562,2,0,0.658262188,0,1,1
563,0,0,-0.551736322,1,1,0
563,1,0,0.346219706,0,0,0
563,2,1,-2.144649056,0,1,0
563,3,1,-0.2123707,0,0,0
563,4,1,-0.018440101,0,0,0
564,0,1,0.14502089,0,0,0
564,1,0,1.304671486,1,1,0
564,2,1,-1.000372474,1,1,0
564,3,1,-0.156649759,0,0,1
565,0,1,0.232793604,1,1,0
565,1,0,1.848706688,1,1,0
565,2,0,1.774772406,1,1,0
565,3,1,-0.69586537,1,1,0
565,4,0,1.660055858,0,1,0
566,0,1,-0.576361773,1,0,0
566,1,1,-0.072861207,0,1,1
567,0,1,-0.119426986,0,1,0
567,1,1,0.773042457,0,1,0
567,2,0,2.87477818,1,1,0
567,3,0,1.206436617,1,1,0
567,4,1,-0.917300603,1,1,0
568,0,1,-1.657357391,0,0,0
568,1,1,-0.863955309,0,1,0
568,2,1,0.492507595,0,0,0
568,3,1,-1.433669838,1,1,0
568,4,1,0.320189143,0,0,1
569,0,0,-0.078328227,0,0,0
569,1,0,-0.062943862,0,0,0
569,2,0,-0.76767075,0,0,0
569,3,0,0.035879389,0,1,0
569,4,1,-1.186791726,0,0,0
570,0,0,1.139941497,0,0,1
571,0,1,-0.896293672,1,0,0
571,1,1,-0.817691623,0,0,1
572,0,1,1.637820541,0,1,1
573,0,1,-0.961130641,0,1,1
574,0,1,2.595450264,1,1,0
574,1,1,-0.475292365,1,1,0
574,2,1,-0.823760534,1,1,0
574,3,1,0.255838071,0,0,0
574,4,1,0.570257197,0,0,1
575,0,0,-0.83819681,0,1,0
575,1,1,-2.125954577,0,0,0
575,2,0,-0.232022059,0,0,0
575,3,1,-1.606063539,1,1,0
575,4,1,-1.139447982,0,0,0
576,0,0,-0.593379045,1,0,0
576,1,1,-2.122962227,0,0,0
576,2,1,-0.507184683,0,0,1
577,0,1,2.140386173,1,1,1
578,0,1,-0.006997923,0,0,1
579,0,0,1.050506889,1,0,0
579,1,0,1.068635395,1,1,0
579,2,0,1.521303565,1,1,0
579,3,1,-0.788466001,1,1,0
579,4,1,1.096573416,0,1,0
580,0,1,0.824957893,1,1,0
580,1,1,0.497738439,0,0,1
581,0,1,0.525979032,0,0,1
582,0,1,0.727309339,0,0,1
583,0,0,0.3802026,0,1,0
583,1,0,0.879016951,1,1,0
583,2,0,1.414656294,1,1,0
583,3,1,-1.22201852,1,0,0
583,4,1,-0.503871741,0,1,0
584,0,0,-0.74184383,1,1,0
584,1,0,0.258191655,0,0,0
584,2,1,-2.693134433,1,1,0
584,3,1,0.096699801,0,0,1
585,0,1,1.716541022,0,0,1
586,0,0,0.183835409,1,1,0
586,1,0,0.505034083,1,1,0
586,2,0,1.070976033,1,1,0
586,3,0,1.711043815,1,1,0
586,4,1,-0.605130538,1,1,0
587,0,0,-0.307589109,0,0,0
587,1,1,-2.109506843,0,0,0
587,2,1,-0.840533223,0,0,0
587,3,1,-1.147628397,1,0,0
587,4,0,1.045474309,0,0,0
588,0,0,-0.073259243,0,1,0
588,1,0,0.062067606,1,1,0
588,2,0,-0.056771772,1,1,0
588,3,0,0.962702252,0,1,0
588,4,0,0.927961118,1,1,0
589,0,0,0.156656858,1,0,0
589,1,0,-0.300971952,0,0,0
589,2,1,-1.979993911,1,1,0
589,3,1,-1.071132548,0,0,0
589,4,1,-1.95125769,0,0,0
590,0,0,0.807136449,0,1,0
590,1,0,1.29234502,1,1,0
590,2,0,1.151107251,1,1,0
590,3,1,-0.133250159,1,1,0
590,4,1,-0.112337048,0,0,0
591,0,1,0.995266994,1,1,1
592,0,0,-0.009644452,1,0,0
592,1,0,-0.109805979,0,0,0
592,2,1,-1.846358438,0,0,0
592,3,0,-0.119061216,0,0,1
593,0,1,0.560294027,1,0,1
594,0,0,0.653208997,1,0,0
594,1,1,-1.770304735,1,1,0
594,2,1,-0.82219883,0,0,1
595,0,0,1.169267605,1,0,0
595,1,1,-1.630682035,1,1,0
595,2,0,1.059645592,0,0,0
595,3,0,1.035715362,0,0,1
596,0,0,0.897643114,0,1,0
596,1,0,1.359682136,1,1,0
596,2,0,1.105889185,1,0,0
596,3,1,-1.63593188,0,0,0
596,4,0,0.360964237,0,0,0
597,0,0,1.635028145,1,0,0
597,1,1,-1.253211031,1,1,0
597,2,1,-1.140079205,0,0,0
597,3,1,-1.311917844,0,0,0
597,4,1,-1.775010174,0,1,0
598,0,0,0.122565001,0,0,0
598,1,1,-2.301887224,0,0,0
598,2,1,-1.856073048,0,0,0
598,3,1,-0.947152407,0,0,0
598,4,0,1.569272624,0,0,0
599,0,0,0.654286595,1,0,0
599,1,1,-1.272041803,1,1,0
599,2,1,-1.031727824,0,0,0
599,3,0,1.130663729,0,0,1
600,0,1,-0.577723813,0,0,0
600,1,0,1.089794272,0,1,0
600,2,1,-0.890103592,1,1,0
600,3,1,-1.487262318,0,1,0
600,4,0,1.646352468,0,0,1
601,0,1,-1.153712616,0,0,0
601,1,0,0.945753966,0,0,0
601,2,1,-2.219997245,0,0,1
602,0,1,1.862461871,0,1,1
603,0,0,0.504742971,1,0,0
603,1,0,-0.317277282,0,0,0
603,2,1,-1.504233788,1,1,0
603,3,1,-0.597294349,0,0,0
603,4,0,2.418186268,0,0,1
604,0,1,-0.642159461,0,0,1
605,0,1,0.260109358,1,0,0
605,1,0,0.650122395,0,0,0
605,2,1,-1.693262596,1,1,0
605,3,0,1.015051402,0,0,1
606,0,0,-1.431060205,1,0,0
606,1,0,0.306090679,0,0,0
606,2,1,-1.775665074,0,0,0
606,3,1,-1.475714755,0,0,0
606,4,1,-1.974769617,0,0,0
607,0,0,1.311141677,0,1,0
607,1,1,-0.512322601,1,1,0
607,2,1,0.135363025,0,0,1
608,0,0,-0.812261671,0,1,0
608,1,1,-2.158366198,0,0,0
608,2,0,0.490222872,0,0,0
608,3,0,-0.244520206,1,1,0
608,4,0,1.204061524,1,1,0
609,0,1,0.267851902,1,0,0
609,1,0,1.229289859,0,1,0
609,2,0,1.176610632,1,1,0
609,3,1,-1.011069916,1,1,0
609,4,1,-0.67104807,1,0,0
610,0,1,-1.336159854,0,0,0
610,1,0,-0.253858533,0,0,1
611,0,0,0.15697887,1,1,0
611,1,1,-1.62278111,1,1,0
611,2,0,1.713770208,0,0,1
612,0,1,-0.732342497,1,0,0
612,1,1,-0.546120219,0,0,0
612,2,1,-0.771201707,0,0,0
612,3,1,-1.827975541,0,0,0
612,4,1,-0.614404294,0,0,1
613,0,0,-0.428109178,1,1,0
613,1,0,0.648815569,0,0,0
613,2,0,0.854234106,1,1,1
614,0,0,1.575479429,1,0,0
614,1,1,-1.836035514,1,1,0
614,2,1,0.502198348,0,0,1
615,0,0,1.696709782,0,1,0
615,1,1,-0.033447111,1,1,0
615,2,1,-0.336242455,1,1,0
615,3,1,1.054138205,0,0,1
616,0,1,-0.010498602,1,1,0
616,1,1,0.821915797,1,1,0
616,2,1,0.337838127,0,1,1
617,0,0,0.055830574,0,1,0
617,1,1,-1.246068803,1,1,0
617,2,1,-0.458165321,0,0,1
618,0,0,-0.073516219,1,1,0
618,1,0,-0.132142634,1,1,0
618,2,1,-1.276160975,0,0,1
619,0,1,-1.074416361,1,0,0
619,1,0,1.305846879,0,0,0
619,2,1,-1.261792351,1,1,0
619,3,0,1.006958801,0,1,0
619,4,1,0.025999661,1,1,0
620,0,0,-1.008575527,0,1,0
620,1,1,-2.70902475,0,0,0
620,2,1,-2.094908542,0,0,0
620,3,1,-1.008738741,0,1,0
620,4,0,2.069361345,0,0,1
621,0,0,-0.564724902,0,1,0
621,1,0,1.050912682,0,0,1
622,0,0,0.665830577,1,1,0
622,1,0,0.852467097,1,1,0
622,2,0,1.098687304,1,1,0
622,3,1,-0.565380005,1,1,1
623,0,0,-0.479678963,1,1,0
623,1,0,-0.08160546,0,0,0
623,2,1,-2.656451656,1,0,0
623,3,1,-2.1708353,0,0,0
623,4,0,0.660050476,0,0,0
624,0,1,0.458574486,0,0,0
624,1,1,-0.320497718,0,0,1
625,0,0,-1.296990055,1,0,0
625,1,1,-2.999701479,0,0,0
625,2,1,-0.860516485,0,0,0
625,3,1,-0.773825391,0,0,0
625,4,0,1.361866779,0,0,0
626,0,1,-0.422516127,1,0,0
626,1,0,1.000843804,0,0,0
626,2,1,-2.440829844,1,0,0
626,3,1,-0.750218041,0,0,1
627,0,1,1.188354767,1,1,0
627,1,1,0.182030564,1,1,0
627,2,1,1.131370968,0,1,0
627,3,1,1.058716305,1,1,0
627,4,1,1.41960087,1,1,0
628,0,0,1.740740689,0,0,1
629,0,0,0.447194241,1,0,0
629,1,0,-0.091594502,0,0,1
630,0,0,0.012929561,1,0,0
630,1,1,-2.470020987,0,0,0
630,2,0,0.72169792,0,0,0
630,3,1,-1.237760007,1,1,0
630,4,1,-0.299571499,0,0,1
631,0,0,0.232382116,1,0,0
631,1,0,-0.023460134,1,1,0
631,2,0,0.102356714,0,0,0
631,3,0,-0.382132862,1,1,0
631,4,1,-1.471116761,0,0,0
632,0,0,-0.613104395,0,1,0
632,1,1,-1.425879185,0,0,1
633,0,1,-0.625503278,0,0,0
633,1,1,-1.362561256,0,0,0
633,2,1,-0.855976667,0,0,1
634,0,1,0.176450482,1,1,0
634,1,1,0.424264492,1,1,0
634,2,0,2.711877228,0,0,1
635,0,0,1.039542561,1,0,0
635,1,0,1.60604006,1,1,0
635,2,0,0.986179529,1,1,0
635,3,1,-0.860465497,1,1,0
635,4,1,-0.709561423,0,0,0
636,0,1,0.865341102,0,1,1
637,0,0,1.409646042,1,0,0
637,1,0,1.072007934,1,1,0
637,2,0,0.814367092,1,1,0
637,3,0,-0.081434802,0,0,0
637,4,0,0.05261818,0,0,0
638,0,1,0.859950951,0,0,1
639,0,0,0.783830774,1,0,0
639,1,0,-0.877339424,0,1,0
639,2,1,-1.085715864,0,0,0
639,3,1,-0.390962336,0,0,0
639,4,1,-0.810803165,0,0,0
640,0,1,-1.621632021,0,0,0
640,1,1,-0.365315599,0,0,1
641,0,0,0.219574377,1,0,0
641,1,1,-1.320130882,1,1,0
641,2,1,-0.507127126,0,0,0
641,3,1,-0.974929787,0,0,0
641,4,1,-0.901931447,0,0,0
642,0,0,-0.574930757,0,1,0
642,1,1,-1.405515412,0,0,0
642,2,1,0.18459215,0,0,0
642,3,1,-0.155469162,1,1,0
642,4,1,-0.199146196,1,1,0
643,0,1,-0.490994979,1,0,0
643,1,1,-0.828154436,0,0,1
644,0,0,0.340783504,1,0,0
644,1,1,-1.533264459,0,0,0
644,2,1,-1.097794221,0,0,0
644,3,1,-1.13840506,0,0,0
644,4,1,-0.57025252,0,1,0
645,0,0,-1.110895673,1,0,0
645,1,1,-2.557858256,0,1,0
645,2,1,-1.271789337,0,0,0
645,3,1,-0.620848954,0,0,1
646,0,0,-0.957486497,0,1,0
646,1,0,0.352241656,0,0,0
646,2,1,-1.610853174,1,1,0
646,3,1,-0.22094755,0,0,0
646,4,0,2.149296883,0,0,1
647,0,1,-0.540553972,1,1,0
647,1,0,1.501678692,0,0,1
648,0,1,3.26570145,1,0,1
649,0,0,0.377009783,1,0,0
649,1,1,-1.740338571,1,1,0
649,2,1,-1.105495405,0,1,0
649,3,1,0.173969248,0,0,1
650,0,1,-0.63903308,1,0,0
650,1,1,-1.441831624,0,0,1
651,0,0,-0.085011694,1,1,0
651,1,1,-2.256463931,0,0,0
651,2,1,-0.955886162,0,0,0
651,3,1,-1.438118545,0,1,0
651,4,0,0.615793768,0,0,1
652,0,0,0.339021124,1,0,0
652,1,1,-1.42263562,0,0,0
652,2,1,-0.547692041,0,0,0
652,3,0,1.546457272,0,0,0
652,4,1,-1.693428631,1,1,0
653,0,1,0.409587363,0,1,0
653,1,1,0.340791771,0,0,0
653,2,0,0.966510878,0,0,0
653,3,1,-0.995357941,1,1,0
653,4,1,-0.936693875,0,0,1
654,0,1,2.133702594,1,1,1
655,0,0,-0.231979594,1,1,0
655,1,0,0.538352576,1,1,0
655,2,1,-1.179563004,1,1,0
655,3,0,1.762363367,0,0,1
656,0,0,-2.482749863,0,1,0
656,1,0,-0.225469866,0,0,1
657,0,0,0.796190902,1,0,0
657,1,0,0.703089101,1,1,0
657,2,0,0.598727186,1,1,0
657,3,0,0.857490954,1,1,0
657,4,0,1.712240093,1,0,0
658,0,1,0.595560156,0,1,1
659,0,1,1.004489714,1,1,0
659,1,1,0.901081099,0,1,1
660,0,0,0.685929842,0,0,0
660,1,0,1.15809075,0,0,1
661,0,1,0.226884842,0,0,1
662,0,0,-1.205888587,1,0,0
662,1,1,-3.103778159,0,0,0
662,2,1,-2.442680992,0,1,0
662,3,1,-0.755403058,0,0,0
662,4,0,1.36113559,0,1,0
663,0,1,0.705355617,1,1,0
663,1,0,2.614807169,0,0,1
664,0,1,-0.120938639,1,0,0
664,1,1,-0.272948828,0,0,0
664,2,0,1.723449426,0,0,0
664,3,1,-1.889427868,1,1,0
664,4,1,-0.750664187,0,0,0
665,0,0,-0.767625976,0,0,0
665,1,1,-2.279630419,1,1,0
665,2,1,-1.036222888,0,0,0
665,3,1,-0.906793104,0,0,0
665,4,0,0.665848208,0,0,0
666,0,1,1.167570282,1,1,0
666,1,0,2.956786585,1,1,1
667,0,0,-0.183459663,0,1,0
667,1,0,-0.163155177,1,1,0
667,2,1,-1.957034469,0,0,0
667,3,1,-1.886335139,0,0,0
667,4,1,-1.41861975,0,0,1
668,0,0,0.442713616,1,0,0
668,1,1,-2.177005572,1,1,0
668,2,1,-1.132688863,0,0,0
668,3,0,0.723673059,0,0,1
669,0,0,0.477280074,1,0,0
669,1,0,-0.251321594,1,0,0
669,2,1,-3.048099601,0,0,0
669,3,1,-2.062237647,0,0,0
669,4,1,-1.349781629,0,0,1
670,0,0,1.221315293,0,0,1
671,0,1,0.30327377,1,0,1
672,0,0,0.108692626,1,1,0
672,1,0,1.260219544,0,0,1
673,0,0,1.165846129,1,0,0
673,1,1,-0.694745243,0,0,0
673,2,0,1.606412413,0,0,0
673,3,0,0.446463274,1,0,0
673,4,0,0.591258741,1,1,0
674,0,0,0.106397971,1,0,0
674,1,0,-0.192372706,0,0,0
674,2,0,-0.007213875,0,0,0
674,3,0,-0.385553475,0,0,0
674,4,1,-1.565187848,1,1,0
675,0,0,-0.632733508,1,1,0
675,1,0,0.034626625,0,0,0
675,2,0,-0.093256668,0,0,1
676,0,0,0.207528838,1,1,0
676,1,1,-1.485369897,1,1,0
676,2,1,-0.944338627,0,0,1
677,0,1,-0.092887222,0,1,1
678,0,0,0.853998133,0,0,0
678,1,0,0.687756099,0,0,1
679,0,0,0.715591264,0,0,0
679,1,0,0.149795827,1,1,0
679,2,0,0.397807953,0,0,0
679,3,1,-1.812368262,1,1,0
679,4,0,2.495079189,0,0,1
680,0,1,1.915871506,1,1,0
680,1,1,0.350799175,1,1,0
680,2,1,0.108714904,0,0,0
680,3,0,2.562866725,0,0,1
681,0,0,2.165274991,1,0,1
682,0,1,0.71312146,0,0,1
683,0,1,0.008909628,0,1,0
683,1,1,-0.127650048,0,0,1
684,0,0,0.249996016,0,0,0
684,1,0,-0.403370358,1,1,0
684,2,1,-2.177936299,0,0,0
684,3,0,0.9758323,0,0,1
685,0,1,0.726168796,0,0,1
686,0,1,-0.748987318,1,1,0
686,1,1,0.648873883,0,0,0
686,2,1,-0.730188063,1,1,0
686,3,1,-0.670821471,0,0,0
686,4,1,-0.566851239,1,1,0
687,0,0,0.183745483,1,1,0
687,1,1,-1.343180781,0,1,0
687,2,1,-0.081931853,0,0,0
687,3,0,0.964155426,0,0,0
687,4,1,-1.991179314,1,1,0
688,0,1,2.026162685,0,1,1
689,0,0,-0.55148247,0,1,0
689,1,0,0.635121029,0,0,0
689,2,1,-2.00161716,0,0,0
689,3,1,-0.994641394,0,0,1
690,0,0,-1.437417432,1,1,0
690,1,0,0.223670379,0,0,0
690,2,1,-1.342757709,0,0,0
690,3,1,-0.944923246,0,0,0
690,4,1,0.117288843,0,0,0
691,0,0,-0.339834715,0,1,0
691,1,1,-2.2380904,1,1,0
691,2,1,-0.676519582,0,0,0
691,3,1,-1.475888718,0,0,0
691,4,1,-1.099304955,0,0,0
692,0,0,-0.161443603,0,1,0
692,1,0,0.348136116,1,1,0
692,2,1,-1.754889871,1,1,0
692,3,1,-0.782285508,0,0,0
692,4,0,0.973299503,0,0,0
693,0,1,0.617037415,0,0,1
694,0,1,-0.274686717,1,1,0
694,1,1,-0.464309987,1,0,0
694,2,1,-1.110750724,0,0,0
694,3,1,-0.775630669,0,0,0
694,4,1,-1.571792128,1,1,0
695,0,0,-0.022273183,0,1,0
695,1,0,-0.089481584,0,0,1
696,0,1,1.985763294,0,0,1
697,0,1,-0.939553208,1,1,0
697,1,0,1.668045045,0,0,1
698,0,1,0.133787421,1,1,0
698,1,0,2.343890165,0,0,1
699,0,1,-0.204951022,1,0,0
699,1,1,-0.13516273,0,0,1
700,0,0,-1.506090302,0,0,0
700,1,1,-2.297127394,0,0,0
700,2,1,-1.926453901,0,0,0
700,3,0,1.188005915,0,0,0
700,4,0,-0.33862103,1,1,0
701,0,0,0.521565298,0,0,1
702,0,0,1.011540324,0,1,1
703,0,0,0.938740082,1,1,0
703,1,1,-1.492099636,1,1,0
703,2,0,0.57757412,0,0,0
703,3,0,-0.029007127,1,1,0
703,4,0,-0.077648166,0,0,0
704,0,1,-1.374131055,1,1,0
704,1,1,-1.304259041,0,0,0
704,2,1,-1.717149761,0,0,0
704,3,0,1.632595586,0,0,1
705,0,0,-2.481527368,0,0,0
705,1,1,-3.118507628,0,0,0
705,2,0,1.03575645,0,0,0
705,3,0,0.200562858,1,1,0
705,4,1,-0.540257442,1,1,0
706,0,0,-0.059430789,0,0,0
706,1,0,-0.072027779,0,0,0
706,2,0,0.157210487,0,0,0
706,3,1,-1.883117346,0,0,1
707,0,1,0.987826476,0,1,0
707,1,1,-0.241959745,1,1,0
707,2,0,1.712618698,1,1,0
707,3,1,-0.943019036,1,1,0
707,4,1,-0.102279524,0,0,0
708,0,0,-1.059341048,0,0,0
708,1,1,-1.614045094,0,0,1
709,0,1,-2.10778946,0,0,0
709,1,1,-0.797027873,0,0,0
709,2,1,-0.642772115,0,0,0
709,3,0,1.495209893,0,0,0
709,4,0,0.678824783,1,1,0
710,0,0,-1.450077868,1,0,0
710,1,0,-2.026193295,0,0,0
710,2,0,-0.927031005,0,0,0
710,3,1,-2.373678595,0,0,0
710,4,0,1.041443505,0,0,1
711,0,0,0.58161949,0,1,0
711,1,1,-1.481388138,1,1,0
711,2,1,-0.261219171,0,0,0
711,3,1,-1.211242106,0,0,0
711,4,0,1.179108633,0,0,0
712,0,1,-0.609836293,1,1,0
712,1,1,-0.017106449,0,0,1
713,0,1,0.404434131,0,0,1
714,0,1,1.149302438,1,0,1
715,0,1,-1.612971689,1,0,0
715,1,0,0.67734563,0,0,0
715,2,1,-1.311211186,0,0,0
715,3,0,0.357813366,0,0,1
716,0,0,-0.098757125,0,1,0
716,1,0,1.631080058,0,0,1
717,0,1,1.611106687,0,1,1
718,0,0,1.129279816,1,1,0
718,1,0,0.708179428,1,1,0
718,2,1,-0.890312095,0,0,0
718,3,1,-0.95139062,0,0,0
718,4,1,-0.959813468,0,0,0
719,0,0,0.17050553,0,1,0
719,1,0,0.125105816,1,1,0
719,2,1,-1.60324839,1,1,0
719,3,1,-1.1394152,0,0,0
719,4,1,-1.478486436,0,0,0
720,0,0,1.302602581,1,1,0
720,1,1,-0.476135785,1,1,0
720,2,1,-0.032421931,0,0,1
721,0,0,-1.213326492,0,1,0
721,1,1,-1.855420705,0,0,0
721,2,0,1.656458261,0,0,1
722,0,0,0.976781685,1,0,0
722,1,0,0.912593256,0,0,0
722,2,0,0.21208011,1,1,0
722,3,1,-1.207875709,1,1,0
722,4,1,-1.14343442,1,1,0
723,0,0,0.406527254,1,0,0
723,1,0,-0.072636061,0,0,0
723,2,1,-1.322814511,0,0,0
723,3,1,-1.113712799,0,0,0
723,4,0,0.611230811,0,0,0
724,0,1,0.138797418,0,0,0
724,1,1,-0.373697495,1,1,0
724,2,1,-0.154936563,1,1,0
724,3,1,-0.418093743,0,0,1
725,0,0,-0.1318701,1,1,0
725,1,0,1.044608751,1,1,0
725,2,1,-1.535746665,1,1,0
725,3,1,-0.411611454,0,0,0
725,4,1,-0.934670206,0,0,1
726,0,0,1.549181496,0,0,0
726,1,0,0.414303478,1,1,0
726,2,0,1.257196392,1,1,0
726,3,1,-0.974714354,1,1,0
726,4,1,-0.286155291,0,0,1
727,0,0,0.614960892,0,0,1
728,0,0,0.294612252,1,0,0
728,1,1,-1.691890178,1,0,0
728,2,1,-0.74979202,0,0,0
728,3,1,-0.814742981,0,0,0
728,4,1,-0.586139186,0,0,1
729,0,1,-0.005979742,1,0,0
729,1,1,-0.452862394,1,0,0
729,2,1,-0.419099914,0,0,1
730,0,0,-0.903250663,0,0,0
730,1,0,-0.238088967,1,1,0
730,2,0,1.270335756,1,1,0
730,3,1,-0.91644468,1,1,0
730,4,1,0.460808132,0,0,1
731,0,0,1.4348219,1,1,0
731,1,0,2.089512886,1,1,0
731,2,1,-0.565111975,1,1,0
731,3,1,-0.373125429,1,1,0
731,4,0,2.113926898,0,1,1
732,0,0,0.23764407,0,1,0
732,1,0,-0.260438786,0,0,0
732,2,1,-2.659348825,0,0,0
732,3,1,-1.302926429,0,0,0
732,4,1,-1.817104336,0,0,0
733,0,0,0.482278847,1,0,0
733,1,1,-2.425352426,1,1,0
733,2,1,0.012457521,0,0,0
733,3,1,-0.562858127,1,1,0
733,4,0,1.868857271,0,0,0
734,0,1,0.666452984,1,1,0
734,1,1,-0.027883709,0,0,0
734,2,0,1.767605411,1,1,1
735,0,0,0.928152109,0,1,1
736,0,0,0.84761503,0,1,0
736,1,0,1.360784715,1,1,0
736,2,1,-1.331289139,1,1,0
736,3,1,-1.015715684,0,0,0
736,4,1,-0.881120608,0,0,0
737,0,0,-0.829917709,1,1,0
737,1,1,-1.896498941,0,0,1
738,0,0,0.210509016,0,0,0
738,1,0,-0.066338551,1,0,0
738,2,0,0.71683495,1,0,0
738,3,0,0.863479607,1,1,0
738,4,1,-1.532711312,1,1,0
739,0,1,-0.288227287,0,1,0
739,1,0,1.949467441,0,0,1
740,0,0,1.056084429,0,1,0
740,1,1,-1.625295566,1,1,0
740,2,1,0.106518792,0,0,0
740,3,1,-0.804115244,0,0,0
740,4,1,-0.602110821,0,0,1
741,0,0,-1.474816658,0,0,0
741,1,0,-0.552001451,0,0,0
741,2,1,-2.333282071,0,0,0
741,3,1,-2.641178564,0,0,0
741,4,0,0.201513123,0,0,0
742,0,0,0.136169014,0,0,0
742,1,0,-0.285835521,1,1,0
742,2,0,0.679537187,1,1,0
742,3,1,-2.083478197,1,1,0
742,4,0,1.051633481,0,0,0
743,0,0,0.277675082,1,0,0
743,1,1,-2.209859256,1,1,0
743,2,1,-0.578948239,0,0,1
744,0,0,1.12685912,0,1,0
744,1,0,1.23580523,1,1,0
744,2,1,-1.303587824,1,0,0
744,3,1,-0.699714356,0,0,0
744,4,1,-0.47419745,0,0,0
745,0,1,1.267379758,1,1,0
745,1,1,1.209474562,1,0,1
746,0,0,1.290329103,0,1,0
746,1,0,1.854445498,1,0,0
746,2,1,-2.054893538,1,1,0
746,3,1,-2.163872803,0,0,0
746,4,1,-1.244543983,0,1,0
747,0,1,0.033996292,0,0,1
748,0,1,-0.076930932,0,1,0
748,1,0,1.69996799,0,0,0
748,2,1,-1.225347252,1,1,0
748,3,1,-0.157345526,0,0,1
749,0,1,1.080906977,0,1,1
750,0,0,1.009388242,1,1,0
750,1,0,0.137681962,1,0,0
750,2,0,-0.323345631,0,0,1
751,0,0,0.360560702,1,1,0
751,1,0,1.052761859,0,0,0
751,2,0,0.638032881,1,1,0
751,3,0,1.344160534,1,1,0
751,4,1,-0.176991532,1,1,0
752,0,0,1.563191192,1,0,0
752,1,1,-1.069242354,1,1,0
752,2,0,1.326355217,0,0,0
752,3,1,-1.998639048,1,1,0
752,4,1,-1.029692332,0,0,1
753,0,1,0.167134176,0,0,0
753,1,1,-1.155211127,0,0,0
753,2,1,-0.110749381,0,0,0
753,3,1,-0.274777271,0,0,0
753,4,1,-0.730753072,0,0,0
754,0,0,-0.742252609,1,0,0
754,1,1,-2.018295941,0,0,0
754,2,0,0.581123504,0,0,1
755,0,1,1.372180109,0,0,1
756,0,1,0.305235948,0,0,0
756,1,1,-0.872201365,0,0,0
756,2,0,0.538461337,0,0,1
757,0,0,-1.390954429,0,0,0
757,1,0,-0.145297944,0,0,0
757,2,1,-1.958924355,0,0,0
757,3,1,-1.073119857,0,0,0
757,4,0,0.91853638,0,0,0
758,0,0,-0.594962005,0,0,0
758,1,1,-2.875194546,1,1,0
758,2,1,-0.318692362,0,0,1
759,0,0,-0.44364079,0,0,0
759,1,0,-0.428940664,0,1,0
759,2,0,0.865419562,0,1,0
759,3,0,0.477562072,1,0,0
759,4,0,0.347530963,0,0,0
760,0,1,-0.669308005,1,0,0
760,1,1,-1.092476771,0,1,0
760,2,0,2.564326525,0,0,0
760,3,0,0.63928572,1,0,0
760,4,0,-0.546139932,1,1,0
761,0,1,-0.067356425,0,1,1
762,0,1,0.108804609,0,0,0
762,1,1,-0.465694119,0,0,0
762,2,1,-0.152016528,0,0,1
763,0,0,0.639882296,1,1,0
763,1,0,0.906777343,1,1,0
763,2,0,0.888345911,1,1,0
763,3,1,-0.591338854,1,1,0
763,4,0,2.232963481,0,0,1
764,0,0,-1.399599852,0,1,0
764,1,0,0.719399905,0,0,0
764,2,0,-0.356069608,1,1,0
764,3,1,-2.033738373,0,0,0
764,4,1,-1.325068207,0,0,0
765,0,0,-0.17336644,1,1,0
765,1,1,-1.192674643,0,0,1
766,0,1,0.394653776,0,1,0
766,1,1,0.597432094,0,0,1
767,0,1,2.376136033,0,0,1
768,0,0,-0.215639058,1,0,0
768,1,0,-0.187599048,0,0,0
768,2,1,-2.396883499,0,1,0
768,3,1,-0.475956299,0,0,0
768,4,1,-0.83112831,0,0,0
769,0,0,0.343848753,0,1,0
769,1,0,1.138617992,1,1,0
769,2,0,0.358283416,1,1,0
769,3,1,-1.83880298,1,0,0
769,4,1,-2.069095532,0,0,0
770,0,0,2.328371171,1,1,1
771,0,1,0.484033567,1,1,0
771,1,1,-0.131988546,1,1,0
771,2,0,2.370258389,1,1,0
771,3,0,1.597670617,1,1,0
771,4,1,-0.679977198,1,1,0
772,0,0,-1.183420912,1,1,0
772,1,1,-2.307425176,0,0,0
772,2,1,-1.014357998,0,0,0
772,3,1,-0.413830548,0,0,0
772,4,1,0.095978457,0,0,0
773,0,0,-0.252241875,1,1,0
773,1,0,0.51917325,0,1,1
774,0,0,0.680498283,1,0,0
774,1,1,-1.346634206,1,0,0
774,2,0,0.579328466,0,0,0
774,3,0,0.95352223,1,1,0
774,4,0,0.672512767,1,1,0
775,0,1,-0.04572292,0,1,1
776,0,1,1.325543796,1,1,1
777,0,1,-0.405212205,1,1,0
777,1,1,-1.057397658,1,1,0
777,2,1,-0.444271892,0,0,0
777,3,1,-0.157445808,0,0,0
777,4,1,-1.32180313,1,1,0
778,0,1,-0.860423379,0,0,0
778,1,1,-2.160881592,0,0,0
778,2,0,1.12912385,0,0,0
778,3,0,1.021438059,0,1,0
778,4,1,-1.401648329,1,1,0
779,0,1,-1.726933606,0,1,0
779,1,1,-0.329061214,0,0,1
780,0,1,0.252812239,1,0,1
781,0,1,1.600334532,1,1,1
782,0,0,0.341674104,0,1,0
782,1,1,-1.889920502,1,1,0
782,2,1,-0.359994087,0,0,0
782,3,1,-1.038009623,0,0,0
782,4,0,1.017666391,0,0,1
783,0,1,-0.274988473,1,0,0
783,1,1,-0.514241051,0,0,0
783,2,1,-0.398852993,1,1,0
783,3,1,-0.451912058,0,0,1
784,0,0,-0.043875121,0,0,0
784,1,1,-1.738621766,1,1,0
784,2,1,-1.538900865,0,0,0
784,3,1,-1.225936909,0,0,0
784,4,1,-0.593645136,0,0,1
785,0,0,0.5810261,1,1,0
785,1,0,0.601522811,1,1,0
785,2,0,0.158847255,1,1,0
785,3,0,1.058810235,0,0,0
785,4,0,0.356188758,1,0,0
786,0,0,-0.609623464,1,0,0
786,1,0,0.175494298,0,0,0
786,2,0,0.378436602,1,1,0
786,3,0,0.644976531,1,1,0
786,4,1,-1.43496623,1,1,0
787,0,0,0.32096314,0,1,0
787,1,1,-1.085195356,0,1,0
787,2,1,1.035732472,0,0,1
788,0,1,-0.244674706,0,1,0
788,1,1,-0.314097548,0,1,1
789,0,0,-0.087057645,1,1,0
789,1,0,0.68529451,1,1,0
789,2,1,-0.994851652,1,1,0
789,3,1,-0.275911401,0,0,1
790,0,1,1.230648025,1,1,1
791,0,1,1.112946602,1,0,0
791,1,1,-0.043514042,1,0,0
791,2,1,-1.134201946,1,0,0
791,3,1,-1.142098571,0,0,1
792,0,1,0.303794539,1,0,0
792,1,1,-1.326848043,0,0,0
792,2,1,-1.429258176,0,0,0
792,3,1,-1.588311611,0,0,1
793,0,0,-1.204782549,0,1,0
793,1,1,-3.077544662,0,1,0
793,2,0,1.591896695,0,0,1
794,0,0,-0.790966129,1,0,0
794,1,0,-0.339380931,0,0,0
794,2,1,-1.972077393,0,0,0
794,3,1,-1.322909543,0,0,0
794,4,1,-1.492305395,0,0,0
795,0,1,-0.911497861,0,1,0
795,1,1,-0.891491944,0,0,0
795,2,1,-0.547599456,0,1,1
796,0,1,-1.200938377,0,0,0
796,1,1,-0.28514947,0,0,1
797,0,1,-1.752872702,0,1,0
797,1,0,1.304668964,0,0,1
798,0,0,0.288526078,0,1,0
798,1,0,0.396100139,1,1,0
798,2,1,-1.633532346,1,1,0
798,3,1,-0.325725516,0,0,0
798,4,1,0.147777237,0,0,0
799,0,0,0.412199938,0,0,1
800,0,1,0.479001857,1,1,0
800,1,1,0.802421655,0,0,1
801,0,1,1.847421776,1,0,1
802,0,1,-1.276550398,1,1,0
802,1,1,-0.682668542,0,0,1
803,0,1,-0.521060828,1,0,0
803,1,1,-0.576674551,0,0,0
803,2,0,1.083046533,0,1,0
803,3,0,1.522399202,1,1,0
803,4,1,-1.594833655,1,1,0
804,0,0,1.059189822,0,0,1
805,0,1,-0.02874549,0,1,1
806,0,1,0.920534263,0,1,1
807,0,0,1.209380817,0,0,0
807,1,1,-1.134342008,1,1,0
807,2,1,-0.301619457,0,0,0
807,3,1,-0.731226587,0,0,0
807,4,1,-0.330255877,0,0,1
808,0,1,-0.891002791,0,0,0
808,1,1,-1.56017408,0,0,0
808,2,1,-1.55895477,0,0,0
808,3,1,-0.444702216,0,0,0
808,4,0,0.733067384,1,1,0
809,0,0,-0.075461959,1,0,0
809,1,0,0.201347046,0,0,0
809,2,0,0.804575001,0,0,0
809,3,1,-1.193727516,1,1,0
809,4,1,-0.277990203,0,0,1
810,0,1,-0.351505379,0,0,0
810,1,1,-0.555484731,0,0,0
810,2,0,1.516562041,0,0,1
811,0,0,-0.619833268,1,0,0
811,1,1,-2.539992907,0,0,0
811,2,1,-1.365523733,0,0,0
811,3,0,1.559976894,0,0,1
812,0,0,1.214336313,1,0,1
813,0,0,-2.041916589,1,1,0
813,1,0,-0.1735447,0,0,0
813,2,1,-2.154474606,0,0,0
813,3,1,-1.364829453,0,0,0
813,4,1,-0.842746524,0,0,0
814,0,0,0.953002167,1,0,0
814,1,1,-1.736857732,1,1,0
814,2,0,0.474777455,0,0,0
814,3,1,-1.464351277,0,0,0
814,4,0,0.335301836,0,0,0
815,0,1,-1.664198769,0,0,0
815,1,1,-0.217125531,0,0,1
816,0,1,-0.284765367,0,0,0
816,1,1,-0.845031112,0,0,1
817,0,1,-0.016072288,0,1,0
817,1,1,0.701024768,1,0,0
817,2,1,-0.15340949,1,1,0
817,3,1,-0.128201527,0,0,0
817,4,1,-0.30731041,0,1,1
818,0,0,-2.200172894,0,1,0
818,1,0,0.526463734,0,0,1
819,0,1,-0.977079329,0,1,0
819,1,1,-0.713232031,0,0,0
819,2,1,-0.99936759,1,1,0
819,3,0,1.520353499,0,0,0
819,4,1,-1.993222923,1,0,0
820,0,0,0.103254616,1,1,0
820,1,1,-1.415725592,0,0,0
820,2,1,-0.583172019,0,0,0
820,3,1,-0.976071707,0,0,0
820,4,1,-1.062224346,0,0,0
821,0,0,-0.016288988,1,0,0
821,1,1,-2.416729634,1,1,0
821,2,1,-1.025147439,0,0,0
821,3,1,0.362768688,0,0,1
822,0,1,-1.900411221,0,0,0
822,1,1,-1.237500663,0,0,0
822,2,0,1.044592861,0,1,0
822,3,1,-1.200167337,1,1,0
822,4,1,0.017248061,0,0,0
823,0,1,-0.897506412,0,1,0
823,1,0,2.089053794,0,0,1
824,0,0,-1.103392624,0,0,0
824,1,1,-2.331788949,0,1,0
824,2,1,-1.361350887,0,1,0
824,3,1,-0.200302224,0,0,0
824,4,0,1.639562917,0,0,1
825,0,0,-0.036166624,0,1,0
825,1,0,1.428592113,0,1,0
825,2,0,1.443713075,1,1,0
825,3,0,1.616412346,1,1,0
825,4,1,-0.366513391,1,1,0
826,0,1,1.533558995,0,0,1
827,0,1,-1.467481004,0,1,1
828,0,1,0.483871949,0,1,0
828,1,1,-0.052712984,1,1,0
828,2,1,0.471743087,0,0,1
829,0,1,-0.364031942,0,1,0
829,1,1,-0.576077514,0,0,0
829,2,1,-0.482864107,0,0,0
829,3,1,-1.197919003,0,1,0
829,4,1,-1.053375002,0,0,0
830,0,1,-1.020291097,0,0,0
830,1,0,0.662804,0,0,0
830,2,0,0.032199418,1,0,0
830,3,0,-0.484828059,0,0,0
830,4,0,0.440560624,1,1,0
831,0,1,0.012479529,0,1,0
831,1,0,2.598757743,1,1,0
831,2,1,-1.224143121,1,1,0
831,3,1,0.509343402,0,0,1
832,0,0,-0.053258266,1,1,0
832,1,0,0.629193992,1,0,0
832,2,1,-2.130452421,0,1,0
832,3,0,0.914305536,0,0,0
832,4,1,-1.978669003,1,1,0
833,0,1,-0.114019044,0,1,0
833,1,1,0.444829466,0,0,1
834,0,0,-0.087475762,0,0,0
834,1,1,-3.060497972,1,1,0
834,2,1,-0.777664099,0,0,0
834,3,1,-1.134351329,0,0,0
834,4,1,-0.883539503,0,0,1
835,0,0,-0.568936786,0,1,0
835,1,1,-2.043037348,0,0,0
835,2,0,1.570630908,0,0,0
835,3,1,-0.978248305,1,1,0
835,4,1,-0.050640419,0,0,0
836,0,0,-0.706337635,1,0,0
836,1,0,-0.579652015,0,0,0
836,2,0,-0.182231556,0,0,0
836,3,1,-2.301052233,1,1,0
836,4,1,-1.279444275,0,0,0
837,0,1,0.552759072,0,0,1
838,0,0,0.428369699,0,1,0
838,1,0,0.912168808,0,0,0
838,2,1,-1.475403168,0,0,0
838,3,1,-0.675765399,0,0,1
839,0,0,-0.954386269,0,1,0
839,1,0,0.852902616,1,1,0
839,2,1,-1.055938189,1,1,0
839,3,1,-0.866055171,0,0,0
839,4,1,-1.642333314,0,0,0
840,0,1,-0.919124807,1,1,0
840,1,1,-0.920809021,0,0,0
840,2,1,-1.153589717,0,0,0
840,3,0,0.997343419,0,0,1
841,0,1,-1.323109465,1,1,0
841,1,1,-0.260786988,0,0,0
841,2,0,1.529325709,0,0,1
842,0,0,-0.928882281,0,1,0
842,1,1,-1.8947416,0,0,0
842,2,1,-1.663429756,0,0,0
842,3,1,-0.725349792,0,0,1
843,0,1,-1.280369949,0,0,1
844,0,1,1.267438408,0,1,0
844,1,1,0.459894352,1,1,0
844,2,1,0.653737909,0,0,1
845,0,1,0.884302465,0,0,1
846,0,1,-0.283722157,0,1,0
846,1,1,-0.281266864,0,0,0
846,2,0,1.914517069,0,0,1
847,0,0,0.437595605,1,0,0
847,1,0,1.328637034,1,1,0
847,2,0,2.080748092,1,1,1
848,0,1,0.560527339,1,0,1
849,0,1,0.165730586,1,1,0
849,1,1,0.207356605,0,1,0
849,2,1,-0.780409991,1,1,0
849,3,0,1.538178085,0,0,0
849,4,1,-1.290283731,1,1,0
850,0,1,0.805567381,1,1,0
850,1,1,0.418937198,1,1,1
851,0,0,1.524382461,0,1,1
852,0,1,-0.453610422,1,1,0
852,1,1,0.384764225,0,0,0
852,2,0,1.722077521,1,1,0
852,3,1,-0.946261994,1,1,0
852,4,1,-0.79550112,0,0,0
853,0,1,1.981945139,0,1,1
854,0,1,0.022729755,1,0,0
854,1,0,0.804889327,1,1,0
854,2,0,0.946826629,1,1,0
854,3,0,0.805413387,1,1,0
854,4,1,-1.025182196,1,1,0
855,0,1,0.573354378,0,0,0
855,1,0,2.190773516,0,0,1
856,0,0,0.48634403,1,0,0
856,1,0,-0.056774365,1,1,0
856,2,1,-2.035315565,1,1,0
856,3,1,-0.386538506,0,0,1
857,0,0,-1.33731478,0,1,0
857,1,0,-0.259421828,0,0,1
858,0,1,0.308124007,0,0,1
859,0,1,-1.087117108,1,1,0
859,1,0,1.867202614,0,0,1
860,0,0,-0.441367366,0,1,0
860,1,1,-0.853616773,0,0,1
861,0,1,-0.70594116,0,0,0
861,1,1,-0.295304393,0,0,1
862,0,0,2.64750659,0,1,1
863,0,0,0.221442128,1,0,0
863,1,0,0.737606675,0,0,0
863,2,1,-2.571529797,1,1,0
863,3,1,-1.470523528,0,0,0
863,4,1,-1.196330304,0,1,0
864,0,0,-0.374347024,0,1,1
865,0,0,-0.274882963,0,1,0
865,1,0,0.716535838,0,0,1
866,0,0,0.579644913,0,0,0
866,1,0,0.044471435,1,1,0
866,2,1,-2.137325395,0,0,0
866,3,1,-1.279273527,0,0,0
866,4,0,0.690004463,0,0,0
867,0,0,0.661804208,0,1,0
867,1,1,-2.122138976,1,1,0
867,2,1,-0.259398018,0,0,0
867,3,1,-0.480666847,0,0,0
867,4,1,-1.000609278,0,1,0
868,0,1,-1.222232445,1,1,0
868,1,0,2.249061206,0,0,1
869,0,0,1.022683117,0,1,0
869,1,1,-1.345732932,1,0,0
869,2,1,-0.711309603,0,1,0
869,3,1,-0.605977095,0,0,1
870,0,1,0.80037215,0,0,0
870,1,0,2.36249896,0,0,1
871,0,1,-0.943251162,0,1,0
871,1,1,0.527990852,0,0,1
872,0,1,0.512088798,0,0,1
873,0,1,-0.331206724,1,0,0
873,1,1,-0.715171603,0,0,0
873,2,1,-0.506521573,0,1,0
873,3,1,-0.244469146,0,0,1
874,0,0,1.346410945,0,1,0
874,1,1,-0.074729009,1,1,0
874,2,1,-0.109081618,0,0,0
874,3,1,-0.86801417,1,1,0
874,4,1,-0.875599043,1,1,0
875,0,0,-0.712515758,1,1,0
875,1,0,0.802893132,1,1,0
875,2,0,1.189647036,1,1,0
875,3,1,-1.483053291,1,0,0
875,4,1,-0.614304979,0,0,1
876,0,1,-1.562164777,1,1,0
876,1,1,-0.375673558,0,0,1
877,0,0,-0.233921402,0,1,0
877,1,1,-1.042051413,0,0,0
877,2,0,1.481848437,0,0,0
877,3,1,-2.546142788,1,1,0
877,4,1,-0.645540467,0,0,0
878,0,1,1.746609961,1,1,0
878,1,1,0.303275349,1,1,0
878,2,0,2.049329636,0,0,0
878,3,1,-1.774060559,1,1,0
878,4,1,-0.907838529,0,0,0
879,0,0,-0.826308571,0,0,0
879,1,0,0.296834016,0,0,0
879,2,1,-1.550929785,0,1,0
879,3,1,-0.875336642,0,0,0
879,4,0,0.389343478,0,0,0
880,0,0,0.424900283,1,0,0
880,1,1,-1.529039612,0,0,0
880,2,1,-1.208352962,0,0,1
881,0,1,-2.373462171,1,1,0
881,1,1,-0.618050134,0,0,0
881,2,0,1.64284233,0,0,1
882,0,1,0.260564255,0,1,0
882,1,0,2.224734898,0,0,0
882,2,0,0.141852051,1,1,0
882,3,0,0.032986456,1,1,0
882,4,1,-2.282091039,1,1,0
883,0,0,1.083918263,1,1,0
883,1,1,-1.458079564,1,1,0
883,2,1,-0.237313327,0,0,1
884,0,0,-0.785981234,0,0,0
884,1,1,-1.999894331,0,0,0
884,2,0,-0.623398695,0,0,0
884,3,1,-2.465390506,0,1,0
884,4,1,-0.299232082,0,0,1
885,0,1,-1.902168755,0,0,0
885,1,1,-0.973641675,0,0,0
885,2,1,-0.9056209,0,0,1
886,0,0,0.919103136,0,1,0
886,1,0,-0.443337247,1,1,0
886,2,1,-2.013296816,0,0,0
886,3,1,-2.408648745,0,0,0
886,4,1,-2.029441528,0,0,0
887,0,0,-0.364118791,1,1,0
887,1,0,0.165980376,0,0,0
887,2,1,-2.20827466,1,0,0
887,3,1,-1.701545526,0,0,1
888,0,1,-0.92368539,0,0,1
889,0,1,1.221832634,1,0,0
889,1,1,-0.071693785,1,1,1
890,0,0,-0.44578447,1,1,0
890,1,0,0.445347317,0,0,0
890,2,0,0.145152985,0,0,0
890,3,1,-1.877466872,1,1,0
890,4,1,-1.294836866,0,0,0
891,0,0,-0.534395476,0,1,0
891,1,1,-2.43347706,0,1,0
891,2,1,-0.526041506,0,1,0
891,3,0,2.303380633,0,0,1
892,0,1,0.114678817,0,0,1
893,0,1,0.302021166,1,0,1
894,0,1,1.140469817,1,1,1
895,0,0,-0.82820594,1,0,0
895,1,0,-0.00067772,0,0,1
896,0,1,0.624016276,1,0,0
896,1,1,-0.075785295,0,0,1
897,0,1,0.736781755,0,1,0
897,1,1,-1.029361548,1,1,0
897,2,0,0.884612413,0,0,0
897,3,1,-1.757565303,1,1,0
897,4,1,-0.681477841,0,0,0
898,0,1,0.243273045,0,0,1
899,0,0,1.236069046,1,0,0
899,1,1,-1.162627901,1,0,0
899,2,0,0.348193449,0,0,1
900,0,0,1.151662078,1,0,0
900,1,0,0.362951705,1,1,0
900,2,0,1.306529409,1,1,0
900,3,1,-0.441137546,1,1,0
900,4,1,-0.328313497,0,0,1
901,0,0,1.775469561,0,1,1
902,0,0,0.121656076,1,0,0
902,1,0,-0.871758159,1,0,0
902,2,1,-3.011424257,0,0,0
902,3,0,0.281937861,0,0,0
902,4,0,0.7960255,0,0,1
903,0,1,0.109220383,1,0,0
903,1,1,-0.481628046,1,1,0
903,2,1,-0.772053414,1,1,0
903,3,0,1.454306253,0,1,1
904,0,0,-0.861278932,1,0,0
904,1,0,-0.544682025,0,0,0
904,2,1,-3.354531904,0,0,0
904,3,0,1.045396403,0,1,1
905,0,0,0.88289467,1,1,0
905,1,0,1.891209346,1,1,0
905,2,0,1.6878346,1,0,0
905,3,1,-0.837166383,1,1,0
905,4,1,-0.590067316,0,0,1
906,0,1,-0.220484879,1,0,0
906,1,1,-0.126272457,1,1,1
907,0,1,-0.487388416,0,1,0
907,1,0,2.210861123,0,0,1
908,0,1,0.043389036,1,1,0
908,1,1,-0.268976473,0,0,0
908,2,1,-0.216158198,1,1,0
908,3,0,2.770917051,0,1,1
909,0,1,1.527744983,0,1,1
910,0,1,-0.743960431,1,0,0
910,1,1,-0.881740035,0,0,0
910,2,0,1.178258027,0,1,0
910,3,0,0.512965632,1,1,0
910,4,1,-1.320626894,1,1,0
911,0,0,-1.047864345,1,1,0
911,1,0,0.32930795,0,0,1
912,0,0,0.767116264,1,1,0
912,1,0,0.568365612,1,1,0
912,2,0,0.551972139,1,1,0
912,3,0,1.064305426,1,1,0
912,4,1,-0.893643332,1,1,0
913,0,0,0.840996418,0,1,1
914,0,0,0.320272936,0,0,0
914,1,0,0.069517111,0,0,0
914,2,0,0.11434391,1,1,0
914,3,1,-0.538968276,1,1,0
914,4,1,-0.342600807,0,0,0
915,0,1,-2.023911418,0,1,0
915,1,0,1.291350793,0,0,1
916,0,1,0.125576641,1,0,0
916,1,1,-0.558731499,1,1,0
916,2,0,1.493828307,0,0,0
916,3,1,-1.665351763,1,1,0
916,4,1,-0.301609826,0,0,0
917,0,1,-0.91737796,0,0,1
918,0,1,-0.220387257,0,0,1
919,0,0,-1.636724006,1,1,0
919,1,0,0.419621444,0,0,0
919,2,0,0.289963159,1,0,0
919,3,1,-2.174497696,0,0,0
919,4,1,-0.822259471,0,0,1
920,0,0,0.693070999,0,1,0
920,1,0,0.61547188,1,1,0
920,2,0,1.338810878,1,1,0
920,3,1,-1.136287353,1,1,0
920,4,0,2.279802148,0,0,1
921,0,0,1.210745551,1,1,0
921,1,0,1.378183761,1,1,0
921,2,1,-0.598922917,1,1,0
921,3,1,-0.298383558,0,0,1
922,0,1,-1.264531092,0,1,1
923,0,1,1.759880983,0,1,1
924,0,1,0.351120634,1,1,0
924,1,1,-0.000795453,0,0,1
925,0,1,-0.206779478,0,1,0
925,1,1,-0.273289381,0,0,1
926,0,0,-0.763753376,1,0,0
926,1,0,0.149270418,0,0,0
926,2,0,0.345904421,0,0,0
926,3,0,0.094697064,1,1,0
926,4,0,0.625875756,1,1,0
927,0,0,1.353903925,1,0,0
927,1,0,0.404146004,1,1,0
927,2,1,-0.369700542,1,1,0
927,3,0,3.281485777,0,0,0
927,4,0,0.76803054,1,1,0
928,0,0,0.353463163,0,1,0
928,1,1,-1.890613867,1,1,0
928,2,1,-0.129321782,0,0,1
929,0,1,0.970287401,1,0,0
929,1,1,-0.15841396,1,1,0
929,2,0,1.666043238,0,0,1
930,0,1,-0.587089408,0,0,0
930,1,1,-0.369104045,0,0,0
930,2,1,-0.716034627,0,0,0
930,3,1,-0.11479099,0,0,1
931,0,1,-0.377695911,1,1,0
931,1,1,0.074389507,0,0,0
931,2,0,1.795963186,0,1,1
932,0,0,-0.973874084,1,1,0
932,1,1,-2.935023629,1,1,0
932,2,1,-0.77727525,0,0,0
932,3,0,0.957011943,0,0,1
933,0,0,-0.474106875,1,1,0
933,1,1,-1.927494259,0,0,0
933,2,0,1.372799627,0,0,0
933,3,0,0.571596459,1,1,0
933,4,1,-1.938456399,0,1,0
934,0,0,-0.3873774,0,0,0
934,1,0,-0.095277461,0,0,0
934,2,1,-2.075801543,0,0,0
934,3,1,-1.785320507,0,1,0
934,4,1,-0.166466386,0,0,1
935,0,1,0.828076049,1,0,1
936,0,0,-0.595161608,0,0,0
936,1,1,-2.05850057,0,0,0
936,2,1,-1.298615095,0,1,0
936,3,1,-0.562394822,0,0,1
937,0,0,0.223506558,1,0,0
937,1,0,-0.731499746,1,1,0
937,2,0,0.028315224,0,0,0
937,3,0,-0.669842823,1,1,0
937,4,1,-0.892934487,0,0,1
938,0,0,0.213396161,0,1,0
938,1,0,0.832735576,0,0,0
938,2,1,-2.202322701,1,1,0
938,3,1,-1.133723295,0,0,0
938,4,1,-1.481264421,0,1,0
939,0,1,-0.666333998,0,1,0
939,1,1,-0.7049657,0,0,0
939,2,0,1.777989325,0,1,0
939,3,1,-1.329413421,1,0,0
939,4,1,-0.211675241,0,0,0
940,0,0,-0.435589066,0,1,0
940,1,1,-1.600013501,1,1,0
940,2,1,-0.242735142,0,1,0
940,3,1,-0.511474367,0,0,0
940,4,1,-1.224488088,0,0,0
941,0,1,-0.977301735,0,0,0
941,1,1,-0.589517887,0,0,1
942,0,1,-2.077204814,1,1,0
942,1,1,-0.090722736,0,0,0
942,2,1,-0.602758253,0,0,0
942,3,1,-1.273311449,0,0,0
942,4,0,0.752539191,0,0,0
943,0,1,-1.154649506,1,1,0
943,1,1,-0.549409201,0,0,0
943,2,0,1.717773722,1,1,0
943,3,0,1.287673397,1,1,0
943,4,0,1.032060484,1,1,0
944,0,0,-0.997540069,1,1,0
944,1,1,-1.198652226,0,0,0
944,2,1,-1.018962849,0,0,0
944,3,1,-0.393243696,0,0,1
945,0,0,-0.212604869,0,1,0
945,1,1,-1.498883576,0,0,0
945,2,0,0.652995737,0,0,0
945,3,0,0.789651814,1,1,0
945,4,1,-1.730974538,1,1,0
946,0,1,0.047384009,0,1,0
946,1,1,0.338245679,0,0,1
947,0,1,1.228723646,0,1,1
948,0,1,0.288896802,1,0,0
948,1,0,1.28819773,1,1,0
948,2,1,-0.883415668,1,1,0
948,3,0,1.16367495,0,0,0
948,4,0,0.903689626,1,1,0
949,0,0,1.578982552,1,0,0
949,1,1,-1.644651109,1,1,0
949,2,1,-0.947024017,0,0,0
949,3,1,-1.111153419,0,0,0
949,4,0,0.775754032,0,1,0
950,0,0,-0.750085264,1,1,0
950,1,0,0.488485635,1,1,0
950,2,1,-1.425720023,1,1,0
950,3,1,-0.462574802,0,0,0
950,4,1,-1.286596627,0,0,0
951,0,0,1.028537165,0,1,0
951,1,0,0.741740826,0,0,0
951,2,1,-1.582658572,1,1,0
951,3,1,-0.116716579,0,0,0
951,4,1,-0.600239871,0,0,0
952,0,0,-1.098850665,1,0,0
952,1,1,-3.089494842,0,1,0
952,2,0,0.939510837,0,0,1
953,0,0,-1.670805548,1,0,0
953,1,1,-2.735837681,0,0,0
953,2,0,0.079194549,0,0,0
953,3,0,-0.597979929,0,0,0
953,4,1,-1.324361096,0,0,0
954,0,1,2.245362168,1,0,1
955,0,1,1.220297253,0,0,1
956,0,1,-0.332696291,1,1,0
956,1,1,-1.172588289,0,0,0
956,2,0,0.996694953,0,0,0
956,3,0,0.81539591,1,1,0
956,4,1,-1.898365607,1,1,0
957,0,0,1.580345698,0,0,1
958,0,0,0.355666554,1,1,0
958,1,1,-1.224151912,0,0,0
958,2,1,-0.294447918,0,0,1
959,0,1,-0.470920042,1,1,0
959,1,1,0.280416854,0,0,1
960,0,0,1.110083592,0,0,0
960,1,1,-1.785119106,0,0,0
960,2,1,-0.520009464,0,0,0
960,3,0,1.792182101,0,0,1
961,0,0,0.366193392,1,0,0
961,1,0,1.920154916,1,1,0
961,2,0,0.515675127,1,1,0
961,3,0,0.852876182,1,1,0
961,4,1,-0.68315578,1,1,0
962,0,1,0.087606706,0,0,1
963,0,0,0.747580694,1,1,0
963,1,1,-0.825024857,1,1,0
963,2,1,0.052469724,0,0,0
963,3,0,1.749052938,0,0,1
964,0,1,-0.451931804,0,1,0
964,1,1,-0.223358984,0,0,0
964,2,1,-0.727372509,0,0,1
965,0,0,1.007011375,0,0,0
965,1,1,-0.901091486,1,1,0
965,2,0,2.562505075,0,0,0
965,3,1,-1.357114229,1,1,0
965,4,1,0.467079017,0,1,0
966,0,0,-0.325567089,1,0,0
966,1,0,0.062467385,0,0,0
966,2,0,-0.0521307,1,1,0
966,3,1,-1.254160208,0,1,1
967,0,1,-2.101731398,1,1,0
967,1,1,-0.77164746,0,0,0
967,2,0,2.043337158,0,0,1
968,0,0,0.754151944,1,0,0
968,1,1,-2.192220834,1,1,0
968,2,1,-1.141949816,0,1,0
968,3,0,1.930631475,0,1,0
968,4,1,-1.257462276,1,1,0
969,0,1,1.064437386,0,1,1
970,0,0,0.533588373,1,1,0
970,1,0,0.081148161,1,1,0
970,2,1,-0.327925692,1,1,0
970,3,1,-0.615090054,0,0,0
970,4,0,1.516468062,0,0,0
971,0,1,0.850364021,0,0,1
972,0,1,-0.52312082,1,1,0
972,1,1,-0.550183766,0,1,0
972,2,0,1.494620603,0,0,1
973,0,1,-0.06779146,0,0,1
974,0,1,-0.319431291,0,1,0
974,1,1,-0.001661523,0,0,1
975,0,0,0.740021181,1,0,0
975,1,0,-0.214811041,1,1,0
975,2,0,-0.224055595,0,0,0
975,3,0,-0.07623623,0,0,0
975,4,1,-1.880237835,0,0,0
976,0,1,0.707898976,1,0,0
976,1,1,0.383655487,0,0,0
976,2,1,-0.333656689,0,0,0
976,3,1,0.269345999,0,0,0
976,4,1,0.400977335,0,0,0
977,0,1,1.62528639,1,1,1
978,0,0,-2.171891513,0,1,0
978,1,1,-2.709947989,0,1,0
978,2,1,-0.161235391,0,0,1
979,0,1,-0.961033032,1,1,0
979,1,0,2.164517788,0,0,1
980,0,1,0.73804153,0,1,0
980,1,1,0.821539672,1,1,0
980,2,1,0.015972386,0,1,1
981,0,1,1.161716856,0,1,1
982,0,0,-0.434004844,1,0,0
982,1,1,-1.772395723,0,0,0
982,2,1,-0.94034623,0,0,0
982,3,1,-0.832930948,0,0,0
982,4,1,0.029050244,1,1,0
983,0,1,0.946182858,0,0,0
983,1,0,2.22899849,1,1,0
983,2,1,-0.095883963,1,1,0
983,3,1,0.505815748,0,0,1
984,0,1,0.664725613,0,0,1
985,0,0,0.765185698,0,0,0
985,1,0,-0.875302736,1,1,0
985,2,0,0.801951528,0,0,1
986,0,1,-0.551772805,1,1,0
986,1,1,0.56625699,0,0,0
986,2,0,2.396874187,0,0,1
987,0,0,-1.751932016,0,0,0
987,1,1,-2.655139647,0,0,0
987,2,1,-0.74966755,0,1,0
987,3,1,-0.289246495,0,0,1
988,0,0,-0.286686179,0,1,0
988,1,1,0.092798639,0,0,1
989,0,0,-2.071896581,0,0,0
989,1,1,-3.2533602,0,0,0
989,2,1,-0.695145389,0,0,0
989,3,1,-1.023449202,0,1,0
989,4,1,0.046647464,0,0,1
990,0,1,-1.155375769,0,1,0
990,1,1,-1.523803173,0,0,0
990,2,1,-1.628860779,0,0,0
990,3,1,-0.659110729,0,0,0
990,4,1,-0.2804838,0,0,0
991,0,0,0.653501044,0,1,0
991,1,1,-1.138606677,0,0,0
991,2,1,-1.532827307,0,0,0
991,3,1,-1.61244514,0,0,1
992,0,0,-0.413301042,1,1,0
992,1,0,0.614451284,1,1,0
992,2,0,1.799824928,1,0,0
992,3,1,-1.161280395,1,1,0
992,4,1,-0.016880002,0,0,0
993,0,1,-0.367145315,0,0,0
993,1,1,0.392852436,0,0,1
994,0,1,-0.266074706,0,0,0
994,1,0,1.568860741,0,0,1
995,0,1,1.152794943,1,1,0
995,1,1,0.727156625,1,1,0
995,2,0,1.928338863,1,1,0
995,3,1,-0.883928646,1,1,0
995,4,1,0.218919321,0,0,1
996,0,1,-1.951692782,0,1,0
996,1,1,-1.22101421,0,1,0
996,2,1,0.259304681,0,0,0
996,3,1,-0.274368573,0,0,1
997,0,0,-2.541514839,0,0,0
997,1,1,-3.069162732,0,0,0
997,2,1,-1.260163428,0,0,0
997,3,1,-1.198197846,0,0,0
997,4,1,-0.937340758,1,1,0
998,0,0,1.154521129,1,0,0
998,1,0,0.17802159,1,1,1
999,0,1,0.220519654,1,0,0
999,1,1,-1.121950758,1,1,0
999,2,0,2.189278167,0,0,1
