id,t0,L,A,Y
1,0,0,1,0
1,1,0,0,0
1,2,1,0,0
1,3,1,0,0
1,4,1,0,0
1,5,1,0,0
1,6,1,0,0
1,7,1,0,0
1,8,1,0,0
1,9,1,0,0
2,0,0,0,0
2,1,1,0,0
2,2,1,0,0
2,3,1,0,0
2,4,1,0,0
2,5,1,0,0
2,6,1,0,0
2,7,1,0,0
2,8,1,0,1
3,0,1,1,0
3,1,1,0,0
3,2,1,0,1
4,0,1,1,0
4,1,1,0,0
4,2,1,0,0
4,3,1,0,0
4,4,1,0,0
4,5,1,0,1
5,0,1,0,0
5,1,1,1,0
5,2,1,0,0
5,3,1,0,0
5,4,1,0,1
6,0,1,0,0
6,1,1,0,0
6,2,1,0,0
6,3,1,0,0
6,4,1,0,0
6,5,1,0,0
6,6,1,0,0
6,7,1,0,0
6,8,1,0,1
7,0,1,1,0
7,1,1,0,0
7,2,1,0,0
7,3,1,0,0
7,4,1,0,0
7,5,1,0,0
7,6,1,0,0
7,7,1,0,0
7,8,1,0,0
7,9,1,0,0
8,0,0,1,0
8,1,1,1,0
8,2,1,0,0
8,3,1,0,0
8,4,1,0,0
8,5,1,0,0
8,6,1,0,0
8,7,1,0,1
9,0,0,0,1
10,0,0,0,1
11,0,0,1,0
11,1,0,0,1
12,0,0,1,0
12,1,0,0,1
13,0,0,1,1
14,0,0,1,0
14,1,0,0,0
14,2,1,0,0
14,3,1,0,0
14,4,1,0,1
15,0,1,0,0
15,1,1,0,0
15,2,1,0,0
15,3,1,0,0
15,4,1,0,0
15,5,1,0,1
16,0,0,1,1
17,0,0,1,0
17,1,0,0,0
17,2,0,0,0
17,3,0,0,1
18,0,0,1,0
18,1,0,0,0
18,2,0,0,1
19,0,1,0,0
19,1,1,0,0
19,2,1,0,0
19,3,1,0,0
19,4,1,0,0
19,5,1,0,0
19,6,1,0,0
19,7,1,0,0
19,8,1,0,0
19,9,1,0,0
20,0,0,1,0
20,1,0,1,0
20,2,0,0,0
20,3,0,0,0
20,4,0,0,0
20,5,1,0,0
20,6,1,0,0
20,7,1,0,0
20,8,1,0,0
20,9,1,0,0
21,0,0,0,1
22,0,1,0,0
22,1,1,1,0
22,2,1,0,0
22,3,1,0,0
22,4,1,0,0
22,5,1,0,0
22,6,1,0,0
22,7,1,0,0
22,8,1,0,0
22,9,1,0,0
23,0,0,0,0
23,1,0,0,1
24,0,1,0,1
25,0,1,0,0
25,1,1,0,1
26,0,1,0,0
26,1,1,0,0
26,2,1,0,0
26,3,1,0,0
26,4,1,0,0
26,5,1,0,1
27,0,0,1,0
27,1,0,0,0
27,2,0,0,0
27,3,0,0,0
27,4,0,0,1
28,0,1,1,0
28,1,1,0,0
28,2,1,0,0
28,3,1,0,0
28,4,1,0,0
28,5,1,0,0
28,6,1,0,0
28,7,1,0,0
28,8,1,0,0
28,9,1,0,0
29,0,1,0,0
29,1,1,0,1
30,0,0,0,1
31,0,1,1,0
31,1,1,0,0
31,2,1,0,0
31,3,1,0,0
31,4,1,0,1
32,0,1,0,0
32,1,1,0,0
32,2,1,1,0
32,3,1,0,0
32,4,1,0,0
32,5,1,0,0
32,6,1,0,0
32,7,1,0,0
32,8,1,0,0
32,9,1,0,0
33,0,0,1,1
34,0,1,0,0
34,1,1,0,1
35,0,1,0,0
35,1,1,0,0
35,2,1,0,1
36,0,0,0,1
37,0,1,0,0
37,1,1,0,0
37,2,1,0,0
37,3,1,0,0
37,4,1,0,0
37,5,1,0,0
37,6,1,0,0
37,7,1,0,0
37,8,1,0,0
37,9,1,0,0
38,0,1,0,0
38,1,1,0,0
38,2,1,0,0
38,3,1,0,0
38,4,1,0,0
38,5,1,0,0
38,6,1,0,0
38,7,1,0,0
38,8,1,0,0
38,9,1,0,0
39,0,0,0,0
39,1,0,0,1
40,0,1,0,0
40,1,1,1,0
40,2,1,0,0
40,3,1,0,0
40,4,1,0,0
40,5,1,0,0
40,6,1,0,0
40,7,1,0,0
40,8,1,0,0
40,9,1,0,0
41,0,0,1,1
42,0,0,0,0
42,1,0,0,1
43,0,0,1,0
43,1,0,0,1
44,0,1,0,0
44,1,1,0,0
44,2,1,0,0
44,3,1,0,0
44,4,1,0,0
44,5,1,0,0
44,6,1,0,0
44,7,1,0,0
44,8,1,0,0
44,9,1,0,0
45,0,0,0,0
45,1,0,0,1
46,0,0,0,0
46,1,0,0,0
46,2,0,0,0
46,3,1,0,0
46,4,1,0,0
46,5,1,0,1
47,0,1,1,0
47,1,1,0,0
47,2,1,0,0
47,3,1,0,0
47,4,1,0,0
47,5,1,0,0
47,6,1,0,0
47,7,1,0,0
47,8,1,0,0
47,9,1,0,0
48,0,0,1,0
48,1,0,1,0
48,2,0,0,1
49,0,0,1,0
49,1,1,0,0
49,2,1,0,0
49,3,1,0,0
49,4,1,0,0
49,5,1,0,0
49,6,1,0,0
49,7,1,0,1
50,0,1,1,0
50,1,1,0,0
50,2,1,0,1
51,0,0,1,0
51,1,0,0,0
51,2,0,0,1
52,0,0,1,0
52,1,0,1,0
52,2,1,0,0
52,3,1,0,0
52,4,1,0,0
52,5,1,0,0
52,6,1,0,0
52,7,1,0,0
52,8,1,0,0
52,9,1,0,0
53,0,0,0,1
54,0,1,0,0
54,1,1,0,0
54,2,1,0,0
54,3,1,0,0
54,4,1,0,0
54,5,1,0,0
54,6,1,0,0
54,7,1,0,0
54,8,1,0,0
54,9,1,0,0
55,0,1,0,0
55,1,1,0,0
55,2,1,0,0
55,3,1,0,0
55,4,1,0,0
55,5,1,0,1
56,0,0,0,0
56,1,1,0,0
56,2,1,0,0
56,3,1,0,0
56,4,1,0,0
56,5,1,0,0
56,6,1,0,0
56,7,1,0,0
56,8,1,0,0
56,9,1,0,1
57,0,1,0,0
57,1,1,0,0
57,2,1,0,0
57,3,1,0,0
57,4,1,0,0
57,5,1,0,0
57,6,1,0,0
57,7,1,0,0
57,8,1,0,0
57,9,1,0,0
58,0,1,0,1
59,0,0,1,0
59,1,0,0,0
59,2,0,0,1
60,0,0,1,0
60,1,1,0,0
60,2,1,0,0
60,3,1,0,0
60,4,1,0,0
60,5,1,0,0
60,6,1,0,0
60,7,1,0,1
61,0,1,0,0
61,1,1,0,0
61,2,1,0,0
61,3,1,0,0
61,4,1,0,0
61,5,1,0,0
61,6,1,0,0
61,7,1,0,0
61,8,1,0,0
61,9,1,0,0
62,0,1,1,0
62,1,1,0,0
62,2,1,0,0
62,3,1,0,0
62,4,1,0,0
62,5,1,0,0
62,6,1,0,0
62,7,1,0,0
62,8,1,0,0
62,9,1,0,0
63,0,1,1,0
63,1,1,0,0
63,2,1,0,0
63,3,1,0,0
63,4,1,0,0
63,5,1,0,0
63,6,1,0,0
63,7,1,0,1
64,0,0,1,0
64,1,0,0,0
64,2,0,0,1
65,0,0,1,1
66,0,0,1,1
67,0,1,0,0
67,1,1,0,0
67,2,1,0,0
67,3,1,0,0
67,4,1,0,0
67,5,1,0,0
67,6,1,0,0
67,7,1,0,0
67,8,1,0,0
67,9,1,0,0
68,0,1,0,0
68,1,1,0,0
68,2,1,0,0
68,3,1,0,1
69,0,1,1,0
69,1,1,0,0
69,2,1,0,0
69,3,1,0,0
69,4,1,0,0
69,5,1,0,0
69,6,1,0,0
69,7,1,0,0
69,8,1,0,0
69,9,1,0,0
70,0,1,0,0
70,1,1,0,0
70,2,1,0,0
70,3,1,0,0
70,4,1,0,0
70,5,1,0,0
70,6,1,0,0
70,7,1,0,0
70,8,1,0,1
71,0,1,1,0
71,1,1,0,0
71,2,1,0,0
71,3,1,0,0
71,4,1,0,0
71,5,1,0,0
71,6,1,0,0
71,7,1,0,0
71,8,1,0,0
71,9,1,0,0
72,0,0,1,0
72,1,0,1,0
72,2,0,0,1
73,0,0,1,0
73,1,1,0,0
73,2,1,0,0
73,3,1,0,0
73,4,1,0,0
73,5,1,0,0
73,6,1,0,0
73,7,1,0,0
73,8,1,0,0
73,9,1,0,0
74,0,0,1,0
74,1,0,1,0
74,2,0,0,0
74,3,0,0,0
74,4,1,0,1
75,0,0,1,0
75,1,0,0,1
76,0,1,1,0
76,1,1,0,0
76,2,1,1,0
76,3,1,0,0
76,4,1,0,0
76,5,1,0,1
77,0,0,1,0
77,1,0,0,1
78,0,0,1,0
78,1,0,0,0
78,2,0,0,0
78,3,0,0,0
78,4,1,0,0
78,5,1,0,0
78,6,1,0,0
78,7,1,0,0
78,8,1,0,0
78,9,1,0,0
79,0,1,0,0
79,1,1,0,0
79,2,1,0,0
79,3,1,0,0
79,4,1,0,0
79,5,1,0,0
79,6,1,0,0
79,7,1,0,0
79,8,1,0,0
79,9,1,0,0
80,0,1,0,0
80,1,1,0,0
80,2,1,0,0
80,3,1,0,0
80,4,1,0,0
80,5,1,0,0
80,6,1,0,0
80,7,1,0,1
81,0,1,1,0
81,1,1,0,0
81,2,1,0,0
81,3,1,0,0
81,4,1,0,0
81,5,1,0,0
81,6,1,0,0
81,7,1,0,0
81,8,1,0,0
81,9,1,0,0
82,0,1,0,0
82,1,1,0,0
82,2,1,0,0
82,3,1,0,0
82,4,1,0,0
82,5,1,0,1
83,0,1,0,0
83,1,1,0,0
83,2,1,0,0
83,3,1,0,0
83,4,1,0,0
83,5,1,0,0
83,6,1,0,0
83,7,1,0,0
83,8,1,0,0
83,9,1,0,0
84,0,0,1,0
84,1,0,0,1
85,0,0,0,1
86,0,0,1,0
86,1,0,0,0
86,2,0,0,1
87,0,1,0,0
87,1,1,0,0
87,2,1,0,0
87,3,1,0,1
88,0,0,0,1
89,0,0,0,0
89,1,0,0,0
89,2,0,0,1
90,0,1,0,0
90,1,1,0,0
90,2,1,0,0
90,3,1,0,0
90,4,1,0,0
90,5,1,0,0
90,6,1,0,0
90,7,1,0,0
90,8,1,0,0
90,9,1,0,0
91,0,0,0,0
91,1,1,0,1
92,0,1,0,0
92,1,1,0,0
92,2,1,1,0
92,3,1,0,0
92,4,1,0,0
92,5,1,0,0
92,6,1,0,0
92,7,1,0,1
93,0,0,0,1
94,0,0,0,1
95,0,1,0,0
95,1,1,0,0
95,2,1,0,0
95,3,1,0,0
95,4,1,0,0
95,5,1,0,0
95,6,1,0,0
95,7,1,0,0
95,8,1,0,0
95,9,1,0,0
96,0,1,0,0
96,1,1,0,0
96,2,1,0,0
96,3,1,0,0
96,4,1,0,0
96,5,1,0,0
96,6,1,0,1
97,0,0,1,0
97,1,1,0,0
97,2,1,0,0
97,3,1,0,0
97,4,1,0,0
97,5,1,0,0
97,6,1,0,0
97,7,1,0,0
97,8,1,0,1
98,0,1,0,0
98,1,1,0,0
98,2,1,0,0
98,3,1,0,0
98,4,1,0,0
98,5,1,0,0
98,6,1,0,1
99,0,0,1,0
99,1,0,0,0
99,2,0,0,1
100,0,1,0,0
100,1,1,0,0
100,2,1,0,0
100,3,1,0,0
100,4,1,0,1
101,0,1,0,0
101,1,1,1,0
101,2,1,0,0
101,3,1,0,0
101,4,1,0,0
101,5,1,0,0
101,6,1,0,0
101,7,1,0,0
101,8,1,0,0
101,9,1,0,0
102,0,1,0,0
102,1,1,0,1
103,0,0,1,0
103,1,0,0,0
103,2,0,0,1
104,0,0,1,0
104,1,0,0,1
105,0,0,0,0
105,1,0,0,0
105,2,0,0,0
105,3,1,0,0
105,4,1,0,0
105,5,1,0,0
105,6,1,0,1
106,0,1,1,0
106,1,1,0,0
106,2,1,0,0
106,3,1,0,0
106,4,1,0,0
106,5,1,0,0
106,6,1,0,0
106,7,1,0,0
106,8,1,0,1
107,0,1,1,0
107,1,1,0,0
107,2,1,0,0
107,3,1,0,0
107,4,1,0,0
107,5,1,0,0
107,6,1,0,0
107,7,1,0,0
107,8,1,0,0
107,9,1,0,0
108,0,1,0,0
108,1,1,0,0
108,2,1,0,0
108,3,1,0,0
108,4,1,0,0
108,5,1,0,0
108,6,1,0,0
108,7,1,0,0
108,8,1,0,0
108,9,1,0,0
109,0,1,0,0
109,1,1,1,0
109,2,1,0,0
109,3,1,0,0
109,4,1,0,0
109,5,1,0,0
109,6,1,0,0
109,7,1,0,0
109,8,1,0,0
109,9,1,0,0
110,0,1,1,0
110,1,1,0,0
110,2,1,0,0
110,3,1,0,0
110,4,1,0,0
110,5,1,0,0
110,6,1,0,0
110,7,1,0,0
110,8,1,0,0
110,9,1,0,0
111,0,1,1,0
111,1,1,0,0
111,2,1,0,0
111,3,1,0,0
111,4,1,0,0
111,5,1,0,0
111,6,1,0,0
111,7,1,0,0
111,8,1,0,0
111,9,1,0,0
112,0,0,1,0
112,1,0,0,0
112,2,1,0,0
112,3,1,0,0
112,4,1,0,1
113,0,1,0,0
113,1,1,0,0
113,2,1,0,0
113,3,1,0,0
113,4,1,0,1
114,0,0,0,1
115,0,1,1,0
115,1,1,0,0
115,2,1,1,0
115,3,1,0,0
115,4,1,0,0
115,5,1,0,0
115,6,1,0,0
115,7,1,0,0
115,8,1,0,0
115,9,1,0,0
116,0,1,0,0
116,1,1,0,0
116,2,1,0,0
116,3,1,0,0
116,4,1,0,0
116,5,1,0,0
116,6,1,0,0
116,7,1,0,0
116,8,1,0,0
116,9,1,0,0
117,0,1,1,0
117,1,1,0,0
117,2,1,0,1
118,0,1,0,0
118,1,1,0,0
118,2,1,0,0
118,3,1,0,1
119,0,1,0,0
119,1,1,0,0
119,2,1,0,0
119,3,1,0,0
119,4,1,0,0
119,5,1,0,0
119,6,1,0,0
119,7,1,0,0
119,8,1,0,0
119,9,1,0,0
120,0,1,0,0
120,1,1,0,0
120,2,1,0,0
120,3,1,0,0
120,4,1,0,0
120,5,1,0,0
120,6,1,0,0
120,7,1,0,0
120,8,1,0,0
120,9,1,0,0
121,0,0,0,0
121,1,1,0,0
121,2,1,0,0
121,3,1,0,0
121,4,1,0,0
121,5,1,0,0
121,6,1,0,0
121,7,1,0,0
121,8,1,0,0
121,9,1,0,0
122,0,0,1,0
122,1,0,0,1
123,0,1,0,0
123,1,1,0,0
123,2,1,0,0
123,3,1,0,0
123,4,1,0,0
123,5,1,0,0
123,6,1,0,0
123,7,1,0,0
123,8,1,0,0
123,9,1,0,0
124,0,0,0,1
125,0,1,1,0
125,1,1,0,0
125,2,1,0,0
125,3,1,0,0
125,4,1,0,0
125,5,1,0,0
125,6,1,0,0
125,7,1,0,0
125,8,1,0,0
125,9,1,0,0
126,0,0,1,0
126,1,0,0,0
126,2,1,0,0
126,3,1,0,0
126,4,1,0,0
126,5,1,0,0
126,6,1,0,0
126,7,1,0,0
126,8,1,0,0
126,9,1,0,0
127,0,1,1,0
127,1,1,0,0
127,2,1,0,0
127,3,1,0,0
127,4,1,0,0
127,5,1,0,0
127,6,1,0,0
127,7,1,0,0
127,8,1,0,0
127,9,1,0,0
128,0,0,0,0
128,1,1,0,0
128,2,1,0,0
128,3,1,0,0
128,4,1,0,0
128,5,1,0,0
128,6,1,0,0
128,7,1,0,0
128,8,1,0,0
128,9,1,0,0
129,0,0,0,1
130,0,1,0,0
130,1,1,0,0
130,2,1,0,0
130,3,1,0,0
130,4,1,0,0
130,5,1,0,0
130,6,1,0,0
130,7,1,0,0
130,8,1,0,0
130,9,1,0,0
131,0,0,0,0
131,1,1,0,0
131,2,1,0,0
131,3,1,0,0
131,4,1,0,0
131,5,1,0,0
131,6,1,0,0
131,7,1,0,0
131,8,1,0,0
131,9,1,0,0
132,0,0,1,0
132,1,0,0,0
132,2,1,0,0
132,3,1,0,0
132,4,1,0,0
132,5,1,0,1
133,0,1,0,0
133,1,1,0,0
133,2,1,0,0
133,3,1,0,0
133,4,1,0,0
133,5,1,0,0
133,6,1,0,0
133,7,1,0,0
133,8,1,0,0
133,9,1,0,0
134,0,1,0,0
134,1,1,1,0
134,2,1,0,0
134,3,1,0,0
134,4,1,0,0
134,5,1,0,1
135,0,0,1,0
135,1,0,0,0
135,2,1,0,0
135,3,1,0,0
135,4,1,0,0
135,5,1,0,0
135,6,1,0,0
135,7,1,0,0
135,8,1,0,0
135,9,1,0,0
136,0,0,1,0
136,1,1,0,0
136,2,1,0,0
136,3,1,0,0
136,4,1,0,0
136,5,1,0,0
136,6,1,0,0
136,7,1,0,0
136,8,1,0,0
136,9,1,0,0
137,0,1,0,1
138,0,0,1,1
139,0,0,0,1
140,0,0,0,0
140,1,1,0,0
140,2,1,0,0
140,3,1,0,0
140,4,1,0,0
140,5,1,0,1
141,0,1,0,0
141,1,1,0,0
141,2,1,0,0
141,3,1,0,1
142,0,0,1,0
142,1,0,0,1
143,0,0,0,0
143,1,0,0,1
144,0,0,1,0
144,1,0,0,1
145,0,0,0,1
146,0,1,0,1
147,0,0,0,0
147,1,1,1,0
147,2,1,0,0
147,3,1,0,0
147,4,1,0,0
147,5,1,0,0
147,6,1,0,0
147,7,1,0,0
147,8,1,0,0
147,9,1,0,0
148,0,1,0,0
148,1,1,0,0
148,2,1,0,0
148,3,1,0,0
148,4,1,0,0
148,5,1,0,0
148,6,1,0,0
148,7,1,0,0
148,8,1,0,0
148,9,1,0,0
149,0,1,0,0
149,1,1,1,0
149,2,1,0,0
149,3,1,0,0
149,4,1,0,0
149,5,1,0,0
149,6,1,0,0
149,7,1,0,0
149,8,1,0,0
149,9,1,0,0
150,0,0,0,0
150,1,0,0,1
151,0,1,0,0
151,1,1,0,1
152,0,1,0,0
152,1,1,0,0
152,2,1,0,0
152,3,1,0,0
152,4,1,0,0
152,5,1,0,0
152,6,1,0,0
152,7,1,0,0
152,8,1,0,0
152,9,1,0,0
153,0,1,0,0
153,1,1,1,0
153,2,1,0,0
153,3,1,0,0
153,4,1,0,0
153,5,1,0,0
153,6,1,0,0
153,7,1,0,1
154,0,0,1,0
154,1,1,0,0
154,2,1,0,0
154,3,1,0,0
154,4,1,0,0
154,5,1,0,0
154,6,1,0,0
154,7,1,0,0
154,8,1,0,0
154,9,1,0,0
155,0,0,0,0
155,1,0,1,0
155,2,0,0,0
155,3,1,0,0
155,4,1,0,0
155,5,1,0,1
156,0,0,1,0
156,1,0,0,1
157,0,1,0,0
157,1,1,0,0
157,2,1,0,0
157,3,1,0,0
157,4,1,0,0
157,5,1,0,0
157,6,1,0,0
157,7,1,0,0
157,8,1,0,0
157,9,1,0,0
158,0,1,0,0
158,1,1,0,0
158,2,1,0,0
158,3,1,0,0
158,4,1,0,0
158,5,1,0,0
158,6,1,0,0
158,7,1,0,0
158,8,1,0,0
158,9,1,0,0
159,0,1,1,0
159,1,1,0,0
159,2,1,0,0
159,3,1,0,0
159,4,1,0,0
159,5,1,0,0
159,6,1,0,0
159,7,1,0,0
159,8,1,0,0
159,9,1,0,0
160,0,1,1,0
160,1,1,0,0
160,2,1,0,0
160,3,1,0,0
160,4,1,0,0
160,5,1,0,0
160,6,1,0,0
160,7,1,0,0
160,8,1,0,0
160,9,1,0,0
161,0,1,1,0
161,1,1,0,0
161,2,1,0,0
161,3,1,0,0
161,4,1,0,0
161,5,1,0,0
161,6,1,0,1
162,0,1,0,0
162,1,1,0,0
162,2,1,0,0
162,3,1,0,0
162,4,1,0,0
162,5,1,0,0
162,6,1,0,0
162,7,1,0,0
162,8,1,0,0
162,9,1,0,0
163,0,1,0,0
163,1,1,0,0
163,2,1,0,0
163,3,1,0,0
163,4,1,0,0
163,5,1,0,0
163,6,1,0,0
163,7,1,0,0
163,8,1,0,0
163,9,1,0,0
164,0,1,0,1
165,0,0,1,0
165,1,0,0,0
165,2,0,0,1
166,0,0,0,0
166,1,1,0,0
166,2,1,0,0
166,3,1,0,0
166,4,1,0,0
166,5,1,0,0
166,6,1,0,0
166,7,1,0,0
166,8,1,0,0
166,9,1,0,0
167,0,1,0,0
167,1,1,0,0
167,2,1,0,0
167,3,1,0,0
167,4,1,0,0
167,5,1,0,0
167,6,1,0,1
168,0,1,0,0
168,1,1,0,0
168,2,1,0,0
168,3,1,0,0
168,4,1,0,0
168,5,1,0,0
168,6,1,0,0
168,7,1,0,0
168,8,1,0,0
168,9,1,0,0
169,0,1,0,0
169,1,1,0,0
169,2,1,0,0
169,3,1,0,0
169,4,1,0,0
169,5,1,0,0
169,6,1,0,0
169,7,1,0,0
169,8,1,0,0
169,9,1,0,0
170,0,0,0,0
170,1,0,0,1
171,0,1,1,0
171,1,1,0,0
171,2,1,0,0
171,3,1,0,0
171,4,1,0,1
172,0,1,1,0
172,1,1,0,0
172,2,1,0,0
172,3,1,0,0
172,4,1,0,0
172,5,1,0,0
172,6,1,0,0
172,7,1,0,0
172,8,1,0,0
172,9,1,0,0
173,0,1,1,0
173,1,1,0,0
173,2,1,0,0
173,3,1,0,0
173,4,1,0,0
173,5,1,0,0
173,6,1,0,0
173,7,1,0,0
173,8,1,0,0
173,9,1,0,0
174,0,1,0,0
174,1,1,0,0
174,2,1,0,0
174,3,1,0,0
174,4,1,0,0
174,5,1,0,0
174,6,1,0,0
174,7,1,0,0
174,8,1,0,0
174,9,1,0,1
175,0,0,0,1
176,0,1,0,0
176,1,1,0,0
176,2,1,1,0
176,3,1,0,0
176,4,1,0,0
176,5,1,0,0
176,6,1,0,0
176,7,1,0,0
176,8,1,0,0
176,9,1,0,0
177,0,0,0,0
177,1,1,0,0
177,2,1,0,0
177,3,1,0,0
177,4,1,0,0
177,5,1,0,0
177,6,1,0,0
177,7,1,0,0
177,8,1,0,0
177,9,1,0,0
178,0,0,0,1
179,0,1,1,0
179,1,1,0,0
179,2,1,0,0
179,3,1,0,0
179,4,1,0,0
179,5,1,0,0
179,6,1,0,1
180,0,0,1,0
180,1,0,0,1
181,0,1,0,0
181,1,1,0,0
181,2,1,0,0
181,3,1,0,0
181,4,1,0,0
181,5,1,0,0
181,6,1,0,0
181,7,1,0,0
181,8,1,0,0
181,9,1,0,0
182,0,1,0,0
182,1,1,0,0
182,2,1,0,0
182,3,1,0,0
182,4,1,0,0
182,5,1,0,0
182,6,1,0,0
182,7,1,0,0
182,8,1,0,0
182,9,1,0,0
183,0,0,0,0
183,1,0,0,0
183,2,1,0,0
183,3,1,0,0
183,4,1,0,0
183,5,1,0,0
183,6,1,0,0
183,7,1,0,0
183,8,1,0,0
183,9,1,0,0
184,0,1,1,0
184,1,1,0,0
184,2,1,0,0
184,3,1,0,0
184,4,1,0,0
184,5,1,0,0
184,6,1,0,0
184,7,1,0,0
184,8,1,0,0
184,9,1,0,0
185,0,0,0,1
186,0,0,0,0
186,1,0,0,1
187,0,0,0,0
187,1,0,0,1
188,0,1,0,0
188,1,1,0,0
188,2,1,0,0
188,3,1,0,0
188,4,1,0,0
188,5,1,0,0
188,6,1,0,0
188,7,1,0,0
188,8,1,0,0
188,9,1,0,0
189,0,1,0,0
189,1,1,1,0
189,2,1,0,0
189,3,1,0,0
189,4,1,1,0
189,5,1,0,0
189,6,1,0,0
189,7,1,0,0
189,8,1,0,0
189,9,1,0,0
190,0,1,1,0
190,1,1,0,0
190,2,1,0,0
190,3,1,0,0
190,4,1,0,0
190,5,1,0,0
190,6,1,0,0
190,7,1,0,0
190,8,1,0,0
190,9,1,0,0
191,0,0,0,1
192,0,1,0,0
192,1,1,0,0
192,2,1,0,0
192,3,1,0,0
192,4,1,0,0
192,5,1,0,0
192,6,1,0,0
192,7,1,0,0
192,8,1,0,0
192,9,1,0,0
193,0,1,0,0
193,1,1,1,0
193,2,1,1,0
193,3,1,0,0
193,4,1,0,0
193,5,1,0,0
193,6,1,0,0
193,7,1,0,1
194,0,0,1,0
194,1,1,0,0
194,2,1,0,0
194,3,1,0,0
194,4,1,0,0
194,5,1,0,1
195,0,0,1,1
196,0,1,0,0
196,1,1,0,0
196,2,1,0,0
196,3,1,0,0
196,4,1,0,0
196,5,1,0,0
196,6,1,0,0
196,7,1,0,0
196,8,1,0,0
196,9,1,0,0
197,0,0,0,0
197,1,0,0,0
197,2,1,0,0
197,3,1,0,0
197,4,1,0,0
197,5,1,0,0
197,6,1,0,0
197,7,1,0,0
197,8,1,0,0
197,9,1,0,0
198,0,0,0,1
199,0,1,0,0
199,1,1,0,0
199,2,1,0,0
199,3,1,0,1
200,0,1,0,0
200,1,1,0,0
200,2,1,0,0
200,3,1,0,0
200,4,1,0,0
200,5,1,0,1
201,0,0,1,0
201,1,0,0,1
202,0,0,1,0
202,1,0,0,1
203,0,0,0,1
204,0,0,1,0
204,1,0,0,1
205,0,0,1,0
205,1,0,0,1
206,0,1,1,0
206,1,1,0,0
206,2,1,0,0
206,3,1,0,0
206,4,1,0,0
206,5,1,0,0
206,6,1,0,0
206,7,1,0,0
206,8,1,0,0
206,9,1,0,0
207,0,1,0,0
207,1,1,0,0
207,2,1,1,0
207,3,1,0,0
207,4,1,0,0
207,5,1,0,0
207,6,1,0,0
207,7,1,0,0
207,8,1,0,0
207,9,1,0,0
208,0,1,1,0
208,1,1,0,0
208,2,1,0,0
208,3,1,0,0
208,4,1,0,0
208,5,1,0,0
208,6,1,0,0
208,7,1,0,0
208,8,1,0,0
208,9,1,0,0
209,0,1,0,0
209,1,1,0,0
209,2,1,0,0
209,3,1,0,0
209,4,1,0,0
209,5,1,0,0
209,6,1,0,0
209,7,1,0,0
209,8,1,0,0
209,9,1,0,0
210,0,0,1,0
210,1,0,0,1
211,0,0,1,0
211,1,0,0,0
211,2,0,0,1
212,0,0,0,0
212,1,0,0,0
212,2,0,0,1
213,0,1,0,1
214,0,1,0,0
214,1,1,0,0
214,2,1,0,0
214,3,1,0,0
214,4,1,0,0
214,5,1,0,0
214,6,1,0,0
214,7,1,0,0
214,8,1,0,0
214,9,1,0,0
215,0,0,1,0
215,1,0,0,1
216,0,1,0,0
216,1,1,0,0
216,2,1,0,0
216,3,1,0,0
216,4,1,0,0
216,5,1,0,0
216,6,1,0,0
216,7,1,0,0
216,8,1,0,0
216,9,1,0,0
217,0,0,1,1
218,0,1,0,0
218,1,1,0,0
218,2,1,0,0
218,3,1,0,0
218,4,1,0,0
218,5,1,0,0
218,6,1,0,0
218,7,1,0,0
218,8,1,0,0
218,9,1,0,0
219,0,1,1,0
219,1,1,0,0
219,2,1,0,0
219,3,1,0,0
219,4,1,0,0
219,5,1,0,0
219,6,1,0,0
219,7,1,0,0
219,8,1,0,0
219,9,1,0,0
220,0,0,0,0
220,1,0,0,0
220,2,1,0,0
220,3,1,0,0
220,4,1,0,0
220,5,1,0,0
220,6,1,0,0
220,7,1,0,0
220,8,1,0,0
220,9,1,0,0
221,0,1,1,0
221,1,1,0,0
221,2,1,0,0
221,3,1,0,0
221,4,1,0,0
221,5,1,0,0
221,6,1,0,0
221,7,1,0,0
221,8,1,0,0
221,9,1,0,0
222,0,0,0,1
223,0,1,0,0
223,1,1,0,1
224,0,1,1,0
224,1,1,0,0
224,2,1,0,0
224,3,1,0,0
224,4,1,0,0
224,5,1,0,0
224,6,1,0,0
224,7,1,0,0
224,8,1,0,0
224,9,1,0,0
225,0,0,1,0
225,1,0,0,0
225,2,0,0,1
226,0,1,0,0
226,1,1,0,0
226,2,1,0,0
226,3,1,0,0
226,4,1,0,0
226,5,1,0,0
226,6,1,0,0
226,7,1,0,0
226,8,1,0,0
226,9,1,0,0
227,0,1,0,0
227,1,1,0,0
227,2,1,1,0
227,3,1,0,0
227,4,1,0,0
227,5,1,0,0
227,6,1,0,0
227,7,1,0,0
227,8,1,0,0
227,9,1,0,0
228,0,1,1,0
228,1,1,0,0
228,2,1,0,0
228,3,1,0,0
228,4,1,0,0
228,5,1,0,0
228,6,1,0,0
228,7,1,0,0
228,8,1,0,0
228,9,1,0,0
229,0,1,0,0
229,1,1,0,1
230,0,1,1,0
230,1,1,0,0
230,2,1,0,0
230,3,1,0,1
231,0,0,1,0
231,1,0,0,0
231,2,1,0,0
231,3,1,0,0
231,4,1,0,0
231,5,1,0,0
231,6,1,0,0
231,7,1,0,0
231,8,1,0,0
231,9,1,0,0
232,0,1,0,0
232,1,1,0,0
232,2,1,0,0
232,3,1,0,0
232,4,1,0,0
232,5,1,0,0
232,6,1,0,0
232,7,1,0,0
232,8,1,0,0
232,9,1,0,0
233,0,1,1,0
233,1,1,0,0
233,2,1,0,0
233,3,1,0,0
233,4,1,0,0
233,5,1,0,0
233,6,1,0,0
233,7,1,0,1
234,0,0,1,0
234,1,0,0,1
235,0,0,0,0
235,1,0,0,1
236,0,1,0,0
236,1,1,0,0
236,2,1,0,0
236,3,1,0,0
236,4,1,0,0
236,5,1,0,0
236,6,1,0,1
237,0,0,0,1
238,0,0,1,0
238,1,1,0,1
239,0,1,1,0
239,1,1,0,0
239,2,1,0,0
239,3,1,0,0
239,4,1,0,0
239,5,1,0,0
239,6,1,0,0
239,7,1,0,0
239,8,1,0,0
239,9,1,0,0
240,0,0,1,1
241,0,1,0,0
241,1,1,0,0
241,2,1,0,0
241,3,1,0,0
241,4,1,0,0
241,5,1,0,0
241,6,1,0,0
241,7,1,0,0
241,8,1,0,0
241,9,1,0,0
242,0,1,0,0
242,1,1,0,0
242,2,1,0,0
242,3,1,0,0
242,4,1,0,0
242,5,1,0,0
242,6,1,0,0
242,7,1,0,0
242,8,1,0,0
242,9,1,0,0
243,0,0,0,1
244,0,0,0,0
244,1,0,0,0
244,2,1,0,0
244,3,1,0,0
244,4,1,0,0
244,5,1,0,0
244,6,1,0,0
244,7,1,0,0
244,8,1,0,0
244,9,1,0,0
245,0,1,0,0
245,1,1,0,0
245,2,1,0,0
245,3,1,0,0
245,4,1,0,0
245,5,1,0,0
245,6,1,0,0
245,7,1,0,0
245,8,1,0,1
246,0,1,0,0
246,1,1,0,0
246,2,1,0,0
246,3,1,0,0
246,4,1,1,0
246,5,1,0,0
246,6,1,0,0
246,7,1,0,0
246,8,1,0,0
246,9,1,0,0
247,0,0,1,0
247,1,1,0,0
247,2,1,0,0
247,3,1,0,0
247,4,1,0,0
247,5,1,0,0
247,6,1,0,0
247,7,1,0,0
247,8,1,0,0
247,9,1,0,0
248,0,1,0,0
248,1,1,0,0
248,2,1,0,0
248,3,1,0,0
248,4,1,0,0
248,5,1,0,0
248,6,1,0,0
248,7,1,0,0
248,8,1,0,0
248,9,1,0,0
249,0,1,0,0
249,1,1,0,0
249,2,1,0,0
249,3,1,0,0
249,4,1,0,0
249,5,1,0,0
249,6,1,0,0
249,7,1,0,0
249,8,1,0,0
249,9,1,0,0
250,0,0,1,1
251,0,1,0,0
251,1,1,0,0
251,2,1,0,0
251,3,1,0,0
251,4,1,0,0
251,5,1,0,0
251,6,1,0,1
252,0,1,1,0
252,1,1,0,0
252,2,1,0,0
252,3,1,0,0
252,4,1,0,1
253,0,1,0,0
253,1,1,0,0
253,2,1,0,0
253,3,1,0,0
253,4,1,0,0
253,5,1,0,0
253,6,1,0,0
253,7,1,0,1
254,0,1,0,0
254,1,1,0,0
254,2,1,0,0
254,3,1,0,0
254,4,1,0,0
254,5,1,0,0
254,6,1,0,0
254,7,1,0,0
254,8,1,0,0
254,9,1,0,0
255,0,0,1,0
255,1,0,0,1
256,0,1,0,0
256,1,1,0,0
256,2,1,0,0
256,3,1,0,0
256,4,1,0,0
256,5,1,0,0
256,6,1,0,0
256,7,1,0,0
256,8,1,0,0
256,9,1,0,0
257,0,1,0,0
257,1,1,0,0
257,2,1,0,0
257,3,1,0,0
257,4,1,0,1
258,0,1,0,0
258,1,1,0,0
258,2,1,0,0
258,3,1,0,0
258,4,1,0,0
258,5,1,0,0
258,6,1,0,0
258,7,1,0,0
258,8,1,0,0
258,9,1,0,1
259,0,0,0,1
260,0,0,1,0
260,1,0,0,1
261,0,0,0,1
262,0,1,0,0
262,1,1,0,0
262,2,1,0,0
262,3,1,1,0
262,4,1,0,0
262,5,1,0,0
262,6,1,0,0
262,7,1,0,0
262,8,1,0,0
262,9,1,0,0
263,0,0,0,0
263,1,0,0,0
263,2,1,0,0
263,3,1,0,0
263,4,1,0,0
263,5,1,0,0
263,6,1,0,0
263,7,1,0,0
263,8,1,0,0
263,9,1,0,0
264,0,0,0,1
265,0,1,1,0
265,1,1,0,0
265,2,1,0,0
265,3,1,0,0
265,4,1,0,0
265,5,1,0,0
265,6,1,0,0
265,7,1,0,0
265,8,1,0,0
265,9,1,0,0
266,0,0,0,1
267,0,0,0,0
267,1,0,0,1
268,0,0,0,1
269,0,0,0,0
269,1,0,1,1
270,0,1,1,0
270,1,1,0,0
270,2,1,0,0
270,3,1,0,0
270,4,1,0,0
270,5,1,0,0
270,6,1,0,0
270,7,1,0,0
270,8,1,0,0
270,9,1,0,0
271,0,0,1,0
271,1,0,0,0
271,2,0,0,0
271,3,0,0,0
271,4,0,0,1
272,0,0,0,0
272,1,0,1,1
273,0,0,0,0
273,1,1,1,0
273,2,1,0,0
273,3,1,0,0
273,4,1,0,0
273,5,1,0,0
273,6,1,0,0
273,7,1,0,0
273,8,1,0,0
273,9,1,0,0
274,0,0,0,1
275,0,1,1,0
275,1,1,0,0
275,2,1,0,0
275,3,1,0,0
275,4,1,0,0
275,5,1,0,0
275,6,1,0,0
275,7,1,0,0
275,8,1,0,0
275,9,1,0,0
276,0,1,1,0
276,1,1,0,0
276,2,1,0,1
277,0,0,0,0
277,1,0,0,1
278,0,1,1,0
278,1,1,0,0
278,2,1,0,0
278,3,1,0,0
278,4,1,0,0
278,5,1,0,0
278,6,1,0,0
278,7,1,0,0
278,8,1,0,0
278,9,1,0,0
279,0,1,1,0
279,1,1,0,0
279,2,1,0,0
279,3,1,0,0
279,4,1,0,0
279,5,1,0,0
279,6,1,0,0
279,7,1,0,0
279,8,1,0,0
279,9,1,0,0
280,0,1,0,0
280,1,1,1,0
280,2,1,0,0
280,3,1,0,0
280,4,1,0,0
280,5,1,0,0
280,6,1,0,0
280,7,1,0,0
280,8,1,0,0
280,9,1,0,0
281,0,0,1,0
281,1,0,0,0
281,2,0,0,1
282,0,0,1,0
282,1,0,0,0
282,2,0,0,1
283,0,1,0,0
283,1,1,0,1
284,0,0,0,1
285,0,0,0,0
285,1,1,1,0
285,2,1,0,0
285,3,1,0,0
285,4,1,0,0
285,5,1,0,0
285,6,1,0,0
285,7,1,0,0
285,8,1,0,0
285,9,1,0,0
286,0,0,0,1
287,0,1,0,0
287,1,1,0,0
287,2,1,0,0
287,3,1,0,0
287,4,1,0,0
287,5,1,0,0
287,6,1,0,0
287,7,1,0,0
287,8,1,0,0
287,9,1,0,0
288,0,0,0,1
289,0,0,0,0
289,1,1,0,0
289,2,1,0,0
289,3,1,0,0
289,4,1,0,0
289,5,1,0,0
289,6,1,0,0
289,7,1,0,0
289,8,1,0,0
289,9,1,0,0
290,0,0,0,1
291,0,1,0,0
291,1,1,0,0
291,2,1,0,0
291,3,1,0,0
291,4,1,0,0
291,5,1,0,0
291,6,1,0,0
291,7,1,0,0
291,8,1,0,0
291,9,1,0,0
292,0,0,1,0
292,1,0,0,0
292,2,1,0,0
292,3,1,0,0
292,4,1,0,0
292,5,1,0,0
292,6,1,0,0
292,7,1,0,0
292,8,1,0,0
292,9,1,0,0
293,0,1,0,0
293,1,1,0,0
293,2,1,0,0
293,3,1,0,0
293,4,1,0,0
293,5,1,0,0
293,6,1,0,0
293,7,1,0,1
294,0,0,0,0
294,1,0,0,0
294,2,1,0,0
294,3,1,0,0
294,4,1,0,0
294,5,1,0,0
294,6,1,0,0
294,7,1,0,0
294,8,1,0,0
294,9,1,0,0
295,0,1,0,0
295,1,1,0,0
295,2,1,0,0
295,3,1,0,0
295,4,1,0,0
295,5,1,0,0
295,6,1,0,0
295,7,1,0,0
295,8,1,0,0
295,9,1,0,0
296,0,0,1,1
297,0,0,0,1
298,0,1,0,0
298,1,1,0,1
299,0,1,0,0
299,1,1,0,0
299,2,1,0,0
299,3,1,0,0
299,4,1,0,0
299,5,1,0,0
299,6,1,0,0
299,7,1,0,0
299,8,1,0,0
299,9,1,0,0
300,0,0,1,0
300,1,0,0,0
300,2,0,0,1
301,0,1,0,0
301,1,1,0,1
302,0,0,0,1
303,0,1,0,0
303,1,1,0,0
303,2,1,0,0
303,3,1,0,0
303,4,1,0,1
304,0,0,1,1
305,0,0,1,0
305,1,0,0,0
305,2,0,0,1
306,0,1,0,0
306,1,1,0,0
306,2,1,0,0
306,3,1,0,0
306,4,1,0,0
306,5,1,0,0
306,6,1,0,0
306,7,1,0,0
306,8,1,0,0
306,9,1,0,0
307,0,1,1,0
307,1,1,0,0
307,2,1,0,1
308,0,1,0,0
308,1,1,0,0
308,2,1,0,0
308,3,1,0,0
308,4,1,0,0
308,5,1,0,1
309,0,1,0,0
309,1,1,0,0
309,2,1,0,1
310,0,0,1,0
310,1,0,0,1
311,0,0,1,1
312,0,0,1,0
312,1,0,0,1
313,0,1,0,0
313,1,1,0,0
313,2,1,0,0
313,3,1,0,0
313,4,1,0,0
313,5,1,0,0
313,6,1,0,0
313,7,1,0,0
313,8,1,0,1
314,0,1,1,0
314,1,1,0,0
314,2,1,0,0
314,3,1,0,0
314,4,1,0,0
314,5,1,0,0
314,6,1,0,0
314,7,1,0,0
314,8,1,0,0
314,9,1,0,0
315,0,1,0,0
315,1,1,0,0
315,2,1,0,0
315,3,1,0,0
315,4,1,0,0
315,5,1,0,0
315,6,1,0,0
315,7,1,0,0
315,8,1,0,0
315,9,1,0,0
316,0,0,0,1
317,0,0,1,0
317,1,0,0,1
318,0,1,0,0
318,1,1,0,0
318,2,1,0,0
318,3,1,0,0
318,4,1,0,0
318,5,1,0,0
318,6,1,0,0
318,7,1,0,0
318,8,1,0,0
318,9,1,0,0
319,0,0,0,1
320,0,1,0,0
320,1,1,0,0
320,2,1,0,0
320,3,1,0,0
320,4,1,0,0
320,5,1,0,0
320,6,1,0,0
320,7,1,0,0
320,8,1,0,0
320,9,1,0,0
321,0,0,0,1
322,0,0,0,0
322,1,0,0,0
322,2,1,0,0
322,3,1,0,0
322,4,1,0,0
322,5,1,0,0
322,6,1,0,0
322,7,1,0,0
322,8,1,0,0
322,9,1,0,0
323,0,0,1,1
324,0,1,0,0
324,1,1,0,0
324,2,1,0,0
324,3,1,0,0
324,4,1,0,1
325,0,1,0,0
325,1,1,0,0
325,2,1,0,0
325,3,1,0,0
325,4,1,0,0
325,5,1,0,1
326,0,0,1,0
326,1,0,0,0
326,2,0,0,0
326,3,1,0,0
326,4,1,0,0
326,5,1,0,0
326,6,1,0,0
326,7,1,0,0
326,8,1,0,0
326,9,1,0,0
327,0,0,1,0
327,1,1,0,0
327,2,1,0,0
327,3,1,0,0
327,4,1,0,0
327,5,1,0,0
327,6,1,0,0
327,7,1,0,0
327,8,1,0,0
327,9,1,0,0
328,0,0,0,0
328,1,0,1,0
328,2,0,0,0
328,3,1,0,0
328,4,1,0,0
328,5,1,0,0
328,6,1,0,0
328,7,1,0,0
328,8,1,0,0
328,9,1,0,0
329,0,0,1,0
329,1,1,0,0
329,2,1,0,0
329,3,1,0,0
329,4,1,0,0
329,5,1,0,0
329,6,1,0,0
329,7,1,0,0
329,8,1,0,0
329,9,1,0,0
330,0,0,0,0
330,1,1,0,0
330,2,1,0,0
330,3,1,0,0
330,4,1,0,0
330,5,1,0,0
330,6,1,0,0
330,7,1,0,0
330,8,1,0,0
330,9,1,0,0
331,0,0,0,0
331,1,0,0,0
331,2,1,0,0
331,3,1,0,0
331,4,1,0,0
331,5,1,0,0
331,6,1,0,0
331,7,1,0,0
331,8,1,0,0
331,9,1,0,1
332,0,0,1,1
333,0,0,1,0
333,1,0,1,0
333,2,0,0,1
334,0,0,1,0
334,1,1,1,0
334,2,1,0,0
334,3,1,0,0
334,4,1,0,0
334,5,1,0,0
334,6,1,0,0
334,7,1,0,0
334,8,1,0,0
334,9,1,0,0
335,0,0,0,1
336,0,1,0,0
336,1,1,0,0
336,2,1,0,0
336,3,1,0,0
336,4,1,0,0
336,5,1,0,0
336,6,1,0,0
336,7,1,0,0
336,8,1,0,0
336,9,1,0,0
337,0,1,0,0
337,1,1,0,0
337,2,1,0,0
337,3,1,0,0
337,4,1,0,0
337,5,1,0,0
337,6,1,0,0
337,7,1,0,0
337,8,1,0,0
337,9,1,0,0
338,0,1,0,0
338,1,1,0,0
338,2,1,0,0
338,3,1,0,0
338,4,1,0,0
338,5,1,0,0
338,6,1,0,0
338,7,1,0,0
338,8,1,0,0
338,9,1,0,0
339,0,0,1,0
339,1,0,0,1
340,0,1,0,0
340,1,1,0,0
340,2,1,0,0
340,3,1,0,0
340,4,1,0,0
340,5,1,0,0
340,6,1,0,0
340,7,1,0,0
340,8,1,0,0
340,9,1,0,0
341,0,0,1,0
341,1,1,1,0
341,2,1,0,0
341,3,1,0,0
341,4,1,0,0
341,5,1,0,0
341,6,1,0,0
341,7,1,0,0
341,8,1,0,0
341,9,1,0,0
342,0,0,1,0
342,1,0,0,0
342,2,0,0,1
343,0,0,1,0
343,1,1,0,0
343,2,1,0,0
343,3,1,0,0
343,4,1,0,0
343,5,1,0,0
343,6,1,0,0
343,7,1,0,0
343,8,1,0,0
343,9,1,0,0
344,0,0,0,1
345,0,1,0,0
345,1,1,0,0
345,2,1,0,0
345,3,1,0,0
345,4,1,0,0
345,5,1,0,0
345,6,1,0,0
345,7,1,0,0
345,8,1,0,0
345,9,1,0,0
346,0,0,0,0
346,1,0,0,0
346,2,0,0,1
347,0,0,1,0
347,1,0,1,0
347,2,0,0,1
348,0,0,0,1
349,0,0,0,0
349,1,1,0,0
349,2,1,0,0
349,3,1,0,0
349,4,1,0,0
349,5,1,0,0
349,6,1,0,0
349,7,1,0,0
349,8,1,0,0
349,9,1,0,0
350,0,0,1,0
350,1,0,0,0
350,2,1,0,0
350,3,1,0,0
350,4,1,0,0
350,5,1,0,0
350,6,1,0,0
350,7,1,0,0
350,8,1,0,1
351,0,0,1,0
351,1,0,0,0
351,2,1,0,0
351,3,1,0,0
351,4,1,0,0
351,5,1,0,0
351,6,1,0,0
351,7,1,0,1
352,0,1,0,0
352,1,1,0,0
352,2,1,0,0
352,3,1,0,0
352,4,1,0,0
352,5,1,0,0
352,6,1,0,0
352,7,1,0,0
352,8,1,0,0
352,9,1,0,1
353,0,1,1,0
353,1,1,0,0
353,2,1,1,0
353,3,1,0,0
353,4,1,0,0
353,5,1,0,0
353,6,1,0,0
353,7,1,0,0
353,8,1,0,0
353,9,1,0,0
354,0,1,0,0
354,1,1,0,0
354,2,1,0,0
354,3,1,0,0
354,4,1,0,0
354,5,1,0,0
354,6,1,0,0
354,7,1,0,0
354,8,1,0,0
354,9,1,0,0
355,0,0,0,0
355,1,1,0,0
355,2,1,0,0
355,3,1,0,0
355,4,1,0,0
355,5,1,0,0
355,6,1,0,0
355,7,1,0,0
355,8,1,0,0
355,9,1,0,0
356,0,1,0,0
356,1,1,1,0
356,2,1,0,0
356,3,1,0,0
356,4,1,0,0
356,5,1,0,0
356,6,1,0,0
356,7,1,0,0
356,8,1,0,0
356,9,1,0,0
357,0,1,1,0
357,1,1,0,0
357,2,1,0,0
357,3,1,0,0
357,4,1,0,0
357,5,1,0,0
357,6,1,0,0
357,7,1,0,0
357,8,1,0,0
357,9,1,0,0
358,0,0,0,1
359,0,1,0,1
360,0,1,0,0
360,1,1,0,0
360,2,1,0,0
360,3,1,0,0
360,4,1,0,0
360,5,1,0,0
360,6,1,0,0
360,7,1,0,0
360,8,1,0,0
360,9,1,0,0
361,0,0,1,0
361,1,1,0,0
361,2,1,0,0
361,3,1,0,0
361,4,1,0,0
361,5,1,0,0
361,6,1,0,0
361,7,1,0,1
362,0,0,1,0
362,1,0,0,1
363,0,0,0,1
364,0,1,1,0
364,1,1,0,0
364,2,1,0,0
364,3,1,0,0
364,4,1,0,0
364,5,1,0,0
364,6,1,0,0
364,7,1,0,0
364,8,1,0,0
364,9,1,0,0
365,0,1,0,0
365,1,1,0,0
365,2,1,0,0
365,3,1,0,0
365,4,1,0,0
365,5,1,0,0
365,6,1,0,0
365,7,1,0,0
365,8,1,0,0
365,9,1,0,0
366,0,1,1,0
366,1,1,0,0
366,2,1,0,0
366,3,1,0,0
366,4,1,0,0
366,5,1,0,0
366,6,1,0,0
366,7,1,0,0
366,8,1,0,0
366,9,1,0,0
367,0,0,1,0
367,1,1,0,0
367,2,1,0,0
367,3,1,0,0
367,4,1,0,0
367,5,1,0,0
367,6,1,0,0
367,7,1,0,0
367,8,1,0,0
367,9,1,0,0
368,0,1,0,0
368,1,1,0,0
368,2,1,0,0
368,3,1,0,0
368,4,1,0,0
368,5,1,0,0
368,6,1,0,0
368,7,1,0,1
369,0,0,0,1
370,0,1,0,0
370,1,1,0,0
370,2,1,0,0
370,3,1,0,0
370,4,1,0,0
370,5,1,0,0
370,6,1,0,0
370,7,1,0,0
370,8,1,0,0
370,9,1,0,0
371,0,0,1,0
371,1,0,0,0
371,2,1,0,0
371,3,1,0,0
371,4,1,0,1
372,0,0,1,1
373,0,1,0,0
373,1,1,0,0
373,2,1,0,0
373,3,1,0,0
373,4,1,0,0
373,5,1,0,0
373,6,1,0,0
373,7,1,0,0
373,8,1,0,0
373,9,1,0,0
374,0,1,1,0
374,1,1,0,0
374,2,1,0,0
374,3,1,0,0
374,4,1,0,0
374,5,1,0,0
374,6,1,0,0
374,7,1,0,0
374,8,1,0,0
374,9,1,0,0
375,0,0,1,0
375,1,0,1,0
375,2,0,0,1
376,0,0,1,0
376,1,0,0,0
376,2,0,0,0
376,3,0,0,0
376,4,0,0,0
376,5,1,0,0
376,6,1,0,0
376,7,1,0,0
376,8,1,0,0
376,9,1,0,0
377,0,1,0,0
377,1,1,0,0
377,2,1,0,0
377,3,1,0,0
377,4,1,0,0
377,5,1,0,0
377,6,1,0,0
377,7,1,0,0
377,8,1,0,0
377,9,1,0,0
378,0,1,0,0
378,1,1,0,0
378,2,1,0,0
378,3,1,0,0
378,4,1,0,0
378,5,1,0,0
378,6,1,0,0
378,7,1,0,0
378,8,1,0,0
378,9,1,0,1
379,0,1,0,0
379,1,1,1,0
379,2,1,0,0
379,3,1,0,0
379,4,1,0,0
379,5,1,0,0
379,6,1,0,0
379,7,1,0,0
379,8,1,0,1
380,0,0,0,0
380,1,0,0,1
381,0,1,0,0
381,1,1,0,0
381,2,1,0,0
381,3,1,0,0
381,4,1,0,0
381,5,1,0,0
381,6,1,0,0
381,7,1,0,0
381,8,1,0,0
381,9,1,0,0
382,0,0,1,0
382,1,1,0,0
382,2,1,0,0
382,3,1,0,0
382,4,1,0,0
382,5,1,0,0
382,6,1,0,0
382,7,1,0,0
382,8,1,0,0
382,9,1,0,0
383,0,0,0,1
384,0,0,0,0
384,1,1,0,0
384,2,1,0,0
384,3,1,0,0
384,4,1,0,0
384,5,1,0,0
384,6,1,0,0
384,7,1,0,0
384,8,1,0,0
384,9,1,0,0
385,0,0,1,0
385,1,0,0,1
386,0,0,1,0
386,1,0,0,1
387,0,1,0,0
387,1,1,0,0
387,2,1,0,0
387,3,1,0,0
387,4,1,0,0
387,5,1,0,0
387,6,1,0,0
387,7,1,0,0
387,8,1,0,0
387,9,1,0,0
388,0,1,0,0
388,1,1,0,0
388,2,1,0,0
388,3,1,0,0
388,4,1,0,0
388,5,1,0,0
388,6,1,0,0
388,7,1,0,0
388,8,1,0,0
388,9,1,0,0
389,0,0,0,1
390,0,0,0,1
391,0,0,0,1
392,0,1,1,0
392,1,1,0,1
393,0,0,0,1
394,0,0,0,0
394,1,0,0,1
395,0,1,0,0
395,1,1,0,0
395,2,1,0,0
395,3,1,0,0
395,4,1,0,0
395,5,1,0,0
395,6,1,0,0
395,7,1,0,0
395,8,1,0,0
395,9,1,0,0
396,0,1,0,0
396,1,1,0,0
396,2,1,0,0
396,3,1,0,0
396,4,1,0,0
396,5,1,0,0
396,6,1,0,1
397,0,0,1,0
397,1,1,0,0
397,2,1,0,0
397,3,1,0,0
397,4,1,0,0
397,5,1,0,0
397,6,1,0,0
397,7,1,0,1
398,0,1,0,0
398,1,1,0,0
398,2,1,0,0
398,3,1,0,0
398,4,1,0,0
398,5,1,0,0
398,6,1,0,0
398,7,1,0,0
398,8,1,0,0
398,9,1,0,0
399,0,0,1,0
399,1,0,0,0
399,2,1,1,0
399,3,1,0,1
400,0,1,0,0
400,1,1,0,0
400,2,1,0,1
401,0,1,0,0
401,1,1,1,0
401,2,1,0,0
401,3,1,0,0
401,4,1,0,0
401,5,1,0,0
401,6,1,0,0
401,7,1,0,0
401,8,1,0,0
401,9,1,0,0
402,0,1,1,0
402,1,1,0,0
402,2,1,0,0
402,3,1,0,0
402,4,1,0,0
402,5,1,0,1
403,0,0,1,0
403,1,0,1,0
403,2,0,0,0
403,3,1,0,0
403,4,1,0,0
403,5,1,0,0
403,6,1,0,0
403,7,1,0,0
403,8,1,0,0
403,9,1,0,0
404,0,1,1,0
404,1,1,0,0
404,2,1,0,0
404,3,1,0,0
404,4,1,0,1
405,0,1,0,0
405,1,1,0,0
405,2,1,0,0
405,3,1,0,1
406,0,1,0,0
406,1,1,0,0
406,2,1,0,0
406,3,1,0,0
406,4,1,0,0
406,5,1,0,0
406,6,1,0,0
406,7,1,0,0
406,8,1,0,0
406,9,1,0,0
407,0,0,0,1
408,0,0,1,1
409,0,0,1,1
410,0,0,1,0
410,1,0,0,1
411,0,1,1,0
411,1,1,0,0
411,2,1,0,0
411,3,1,0,0
411,4,1,0,0
411,5,1,0,0
411,6,1,0,1
412,0,0,1,0
412,1,0,0,0
412,2,1,0,0
412,3,1,0,0
412,4,1,0,0
412,5,1,0,0
412,6,1,0,0
412,7,1,0,0
412,8,1,0,0
412,9,1,0,0
413,0,1,1,0
413,1,1,0,0
413,2,1,0,0
413,3,1,0,0
413,4,1,0,0
413,5,1,0,0
413,6,1,0,0
413,7,1,0,0
413,8,1,0,1
414,0,0,1,0
414,1,0,1,0
414,2,0,0,0
414,3,0,0,1
415,0,0,1,1
416,0,1,0,0
416,1,1,1,0
416,2,1,0,0
416,3,1,1,0
416,4,1,0,0
416,5,1,0,0
416,6,1,0,0
416,7,1,0,0
416,8,1,0,0
416,9,1,0,0
417,0,1,0,0
417,1,1,0,0
417,2,1,0,0
417,3,1,0,0
417,4,1,0,1
418,0,0,0,0
418,1,0,0,0
418,2,0,1,1
419,0,0,0,0
419,1,0,0,0
419,2,0,0,1
420,0,0,0,1
421,0,1,0,0
421,1,1,0,0
421,2,1,0,1
422,0,1,1,0
422,1,1,0,0
422,2,1,0,0
422,3,1,0,0
422,4,1,0,0
422,5,1,0,0
422,6,1,0,0
422,7,1,0,0
422,8,1,0,0
422,9,1,0,0
423,0,1,0,0
423,1,1,0,0
423,2,1,0,0
423,3,1,0,1
424,0,1,0,0
424,1,1,0,0
424,2,1,0,0
424,3,1,0,0
424,4,1,0,0
424,5,1,0,0
424,6,1,0,1
425,0,0,1,0
425,1,0,0,1
426,0,0,1,0
426,1,1,0,1
427,0,1,1,0
427,1,1,0,0
427,2,1,1,0
427,3,1,0,0
427,4,1,0,0
427,5,1,0,0
427,6,1,0,0
427,7,1,0,0
427,8,1,0,0
427,9,1,0,0
428,0,1,1,0
428,1,1,0,0
428,2,1,0,0
428,3,1,0,0
428,4,1,0,0
428,5,1,0,0
428,6,1,0,0
428,7,1,0,0
428,8,1,0,0
428,9,1,0,0
429,0,0,0,0
429,1,0,0,0
429,2,0,0,0
429,3,0,0,0
429,4,1,0,0
429,5,1,0,0
429,6,1,0,0
429,7,1,0,0
429,8,1,0,0
429,9,1,0,0
430,0,1,0,0
430,1,1,0,0
430,2,1,0,0
430,3,1,0,0
430,4,1,0,0
430,5,1,0,0
430,6,1,0,0
430,7,1,0,0
430,8,1,0,0
430,9,1,0,0
431,0,1,0,0
431,1,1,0,0
431,2,1,0,0
431,3,1,0,0
431,4,1,0,0
431,5,1,0,0
431,6,1,0,0
431,7,1,0,0
431,8,1,0,0
431,9,1,0,0
432,0,1,0,0
432,1,1,0,0
432,2,1,0,0
432,3,1,0,0
432,4,1,0,0
432,5,1,0,0
432,6,1,0,0
432,7,1,0,0
432,8,1,0,0
432,9,1,0,0
433,0,1,1,0
433,1,1,0,0
433,2,1,0,0
433,3,1,0,0
433,4,1,0,0
433,5,1,0,0
433,6,1,0,0
433,7,1,0,0
433,8,1,0,0
433,9,1,0,1
434,0,1,0,0
434,1,1,0,1
435,0,1,1,0
435,1,1,0,0
435,2,1,0,0
435,3,1,0,0
435,4,1,0,0
435,5,1,0,0
435,6,1,0,0
435,7,1,0,0
435,8,1,0,0
435,9,1,0,0
436,0,1,1,0
436,1,1,0,0
436,2,1,0,0
436,3,1,0,0
436,4,1,0,0
436,5,1,0,0
436,6,1,0,0
436,7,1,0,1
437,0,0,1,0
437,1,0,0,0
437,2,1,0,0
437,3,1,0,0
437,4,1,0,0
437,5,1,0,0
437,6,1,0,0
437,7,1,0,0
437,8,1,0,0
437,9,1,0,0
438,0,0,0,1
439,0,1,1,0
439,1,1,1,0
439,2,1,0,0
439,3,1,1,0
439,4,1,0,0
439,5,1,0,0
439,6,1,0,0
439,7,1,0,0
439,8,1,0,0
439,9,1,0,0
440,0,0,1,1
441,0,1,0,0
441,1,1,0,0
441,2,1,0,0
441,3,1,0,0
441,4,1,0,0
441,5,1,0,0
441,6,1,0,0
441,7,1,0,0
441,8,1,0,0
441,9,1,0,0
442,0,0,1,0
442,1,0,0,1
443,0,0,1,0
443,1,0,0,0
443,2,0,0,0
443,3,0,0,0
443,4,0,0,1
444,0,1,0,0
444,1,1,0,0
444,2,1,0,0
444,3,1,0,0
444,4,1,0,0
444,5,1,0,0
444,6,1,0,0
444,7,1,0,0
444,8,1,0,0
444,9,1,0,0
445,0,0,1,1
446,0,1,1,0
446,1,1,0,0
446,2,1,0,0
446,3,1,0,1
447,0,0,1,0
447,1,0,0,0
447,2,1,0,0
447,3,1,0,0
447,4,1,0,0
447,5,1,0,0
447,6,1,0,0
447,7,1,0,0
447,8,1,0,0
447,9,1,0,0
448,0,1,0,0
448,1,1,0,0
448,2,1,0,0
448,3,1,0,0
448,4,1,0,1
449,0,1,0,0
449,1,1,0,0
449,2,1,0,0
449,3,1,0,0
449,4,1,0,0
449,5,1,0,0
449,6,1,0,0
449,7,1,0,0
449,8,1,0,0
449,9,1,0,0
450,0,0,0,0
450,1,0,1,0
450,2,0,0,0
450,3,1,0,0
450,4,1,0,0
450,5,1,0,0
450,6,1,0,0
450,7,1,0,0
450,8,1,0,0
450,9,1,0,0
451,0,0,1,1
452,0,0,1,0
452,1,0,0,0
452,2,0,0,0
452,3,1,0,0
452,4,1,0,0
452,5,1,0,0
452,6,1,0,0
452,7,1,0,0
452,8,1,0,1
453,0,1,1,0
453,1,1,0,0
453,2,1,0,0
453,3,1,0,0
453,4,1,0,1
454,0,1,0,0
454,1,1,0,0
454,2,1,0,0
454,3,1,0,1
455,0,1,0,0
455,1,1,0,0
455,2,1,0,0
455,3,1,0,0
455,4,1,0,0
455,5,1,0,0
455,6,1,0,0
455,7,1,0,0
455,8,1,0,0
455,9,1,0,0
456,0,0,0,1
457,0,0,1,0
457,1,0,0,0
457,2,0,0,0
457,3,0,0,1
458,0,0,0,0
458,1,1,0,0
458,2,1,0,0
458,3,1,0,0
458,4,1,0,0
458,5,1,0,0
458,6,1,0,0
458,7,1,0,0
458,8,1,0,1
459,0,1,1,0
459,1,1,1,0
459,2,1,0,0
459,3,1,0,0
459,4,1,0,0
459,5,1,0,0
459,6,1,0,0
459,7,1,0,0
459,8,1,0,0
459,9,1,0,0
460,0,0,1,1
461,0,0,1,1
462,0,0,0,0
462,1,1,0,0
462,2,1,0,0
462,3,1,0,0
462,4,1,0,0
462,5,1,0,0
462,6,1,0,0
462,7,1,0,0
462,8,1,0,0
462,9,1,0,0
463,0,0,1,1
464,0,0,0,0
464,1,1,0,0
464,2,1,0,0
464,3,1,0,0
464,4,1,0,1
465,0,0,1,0
465,1,1,0,0
465,2,1,0,0
465,3,1,0,0
465,4,1,0,0
465,5,1,0,0
465,6,1,0,0
465,7,1,0,0
465,8,1,0,0
465,9,1,0,0
466,0,1,1,0
466,1,1,0,0
466,2,1,0,0
466,3,1,0,0
466,4,1,0,0
466,5,1,0,0
466,6,1,0,0
466,7,1,0,0
466,8,1,0,0
466,9,1,0,1
467,0,1,0,0
467,1,1,0,0
467,2,1,0,0
467,3,1,0,0
467,4,1,0,0
467,5,1,0,0
467,6,1,0,0
467,7,1,0,0
467,8,1,0,0
467,9,1,0,0
468,0,0,1,0
468,1,0,1,0
468,2,0,0,0
468,3,1,0,0
468,4,1,0,0
468,5,1,0,0
468,6,1,0,0
468,7,1,0,0
468,8,1,0,0
468,9,1,0,0
469,0,0,0,1
470,0,1,0,0
470,1,1,0,0
470,2,1,0,0
470,3,1,0,0
470,4,1,0,0
470,5,1,0,0
470,6,1,0,0
470,7,1,0,0
470,8,1,0,0
470,9,1,0,0
471,0,1,0,0
471,1,1,0,0
471,2,1,0,0
471,3,1,0,0
471,4,1,0,0
471,5,1,0,0
471,6,1,0,0
471,7,1,0,1
472,0,1,0,0
472,1,1,1,0
472,2,1,0,0
472,3,1,0,1
473,0,0,1,0
473,1,1,1,0
473,2,1,0,0
473,3,1,0,0
473,4,1,0,0
473,5,1,0,0
473,6,1,0,0
473,7,1,0,0
473,8,1,0,0
473,9,1,0,0
474,0,1,0,0
474,1,1,0,0
474,2,1,0,1
475,0,0,0,0
475,1,1,0,0
475,2,1,0,0
475,3,1,0,0
475,4,1,0,0
475,5,1,0,0
475,6,1,0,1
476,0,1,1,0
476,1,1,0,0
476,2,1,0,0
476,3,1,0,0
476,4,1,0,0
476,5,1,0,0
476,6,1,0,0
476,7,1,0,0
476,8,1,0,0
476,9,1,0,0
477,0,0,0,1
478,0,0,1,1
479,0,1,0,0
479,1,1,0,0
479,2,1,0,0
479,3,1,0,0
479,4,1,0,0
479,5,1,0,0
479,6,1,0,0
479,7,1,0,0
479,8,1,0,0
479,9,1,0,0
480,0,1,1,0
480,1,1,0,1
481,0,1,0,0
481,1,1,0,0
481,2,1,0,0
481,3,1,0,0
481,4,1,0,0
481,5,1,0,0
481,6,1,0,0
481,7,1,0,0
481,8,1,0,0
481,9,1,0,0
482,0,0,0,1
483,0,1,0,0
483,1,1,0,0
483,2,1,0,0
483,3,1,0,0
483,4,1,0,0
483,5,1,0,0
483,6,1,0,0
483,7,1,0,0
483,8,1,0,0
483,9,1,0,0
484,0,0,0,0
484,1,0,1,1
485,0,0,0,1
486,0,0,0,0
486,1,0,1,0
486,2,0,0,1
487,0,1,1,0
487,1,1,0,0
487,2,1,0,0
487,3,1,0,0
487,4,1,0,0
487,5,1,0,0
487,6,1,0,0
487,7,1,0,0
487,8,1,0,0
487,9,1,0,0
488,0,0,1,0
488,1,1,0,1
489,0,1,0,0
489,1,1,0,0
489,2,1,0,0
489,3,1,0,0
489,4,1,0,0
489,5,1,0,0
489,6,1,0,0
489,7,1,0,1
490,0,0,1,0
490,1,0,0,1
491,0,0,0,0
491,1,0,0,1
492,0,0,0,1
493,0,1,0,0
493,1,1,0,0
493,2,1,0,0
493,3,1,0,0
493,4,1,0,0
493,5,1,0,0
493,6,1,0,0
493,7,1,0,0
493,8,1,0,0
493,9,1,0,0
494,0,1,1,0
494,1,1,0,0
494,2,1,0,0
494,3,1,0,0
494,4,1,0,0
494,5,1,0,0
494,6,1,0,0
494,7,1,0,0
494,8,1,0,0
494,9,1,0,0
495,0,1,0,0
495,1,1,1,0
495,2,1,0,0
495,3,1,0,0
495,4,1,0,0
495,5,1,0,0
495,6,1,0,0
495,7,1,0,0
495,8,1,0,0
495,9,1,0,0
496,0,1,0,0
496,1,1,0,0
496,2,1,0,0
496,3,1,0,0
496,4,1,0,0
496,5,1,0,0
496,6,1,0,0
496,7,1,0,0
496,8,1,0,0
496,9,1,0,0
497,0,0,1,0
497,1,0,0,1
498,0,0,0,1
499,0,0,0,0
499,1,0,1,0
499,2,0,0,0
499,3,0,0,0
499,4,0,0,0
499,5,0,0,0
499,6,0,0,0
499,7,0,0,0
499,8,0,0,0
499,9,0,0,0
500,0,0,1,1
501,0,1,0,1
502,0,1,1,0
502,1,1,0,0
502,2,1,0,0
502,3,1,0,1
503,0,0,1,1
504,0,0,1,0
504,1,0,0,0
504,2,0,0,1
505,0,0,1,0
505,1,0,1,0
505,2,0,0,0
505,3,1,0,0
505,4,1,0,0
505,5,1,0,0
505,6,1,0,0
505,7,1,0,0
505,8,1,0,0
505,9,1,0,0
506,0,0,0,0
506,1,0,0,0
506,2,0,0,1
507,0,0,1,0
507,1,0,0,1
508,0,1,0,0
508,1,1,0,0
508,2,1,0,0
508,3,1,0,0
508,4,1,0,0
508,5,1,0,0
508,6,1,0,0
508,7,1,0,0
508,8,1,0,0
508,9,1,0,0
509,0,1,0,0
509,1,1,0,0
509,2,1,0,0
509,3,1,0,0
509,4,1,0,0
509,5,1,0,0
509,6,1,0,0
509,7,1,0,0
509,8,1,0,0
509,9,1,0,0
510,0,0,0,0
510,1,0,0,1
511,0,1,0,0
511,1,1,0,0
511,2,1,0,0
511,3,1,0,0
511,4,1,0,0
511,5,1,0,0
511,6,1,0,0
511,7,1,0,0
511,8,1,0,0
511,9,1,0,0
512,0,0,1,0
512,1,0,1,0
512,2,0,0,1
513,0,0,1,0
513,1,0,0,0
513,2,0,1,0
513,3,1,0,0
513,4,1,0,0
513,5,1,0,0
513,6,1,0,0
513,7,1,0,0
513,8,1,0,0
513,9,1,0,0
514,0,1,0,0
514,1,1,0,0
514,2,1,0,0
514,3,1,0,0
514,4,1,0,0
514,5,1,0,0
514,6,1,0,0
514,7,1,0,0
514,8,1,0,0
514,9,1,0,0
515,0,1,0,0
515,1,1,1,0
515,2,1,0,0
515,3,1,0,0
515,4,1,0,0
515,5,1,0,0
515,6,1,0,0
515,7,1,0,0
515,8,1,0,0
515,9,1,0,0
516,0,1,0,0
516,1,1,0,0
516,2,1,0,0
516,3,1,0,0
516,4,1,0,1
517,0,0,1,0
517,1,0,0,0
517,2,1,0,0
517,3,1,0,0
517,4,1,0,0
517,5,1,0,1
518,0,0,1,0
518,1,0,0,1
519,0,0,1,0
519,1,0,0,1
520,0,0,0,0
520,1,1,0,0
520,2,1,0,0
520,3,1,0,0
520,4,1,0,0
520,5,1,0,0
520,6,1,0,0
520,7,1,0,1
521,0,0,0,0
521,1,1,1,0
521,2,1,0,0
521,3,1,0,0
521,4,1,0,0
521,5,1,0,0
521,6,1,0,0
521,7,1,0,0
521,8,1,0,0
521,9,1,0,0
522,0,0,1,1
523,0,1,0,0
523,1,1,0,0
523,2,1,0,0
523,3,1,0,0
523,4,1,0,0
523,5,1,0,0
523,6,1,0,0
523,7,1,0,0
523,8,1,0,0
523,9,1,0,0
524,0,0,0,1
525,0,0,1,0
525,1,0,0,1
526,0,1,0,0
526,1,1,0,0
526,2,1,0,0
526,3,1,0,0
526,4,1,0,0
526,5,1,0,0
526,6,1,0,0
526,7,1,0,0
526,8,1,0,0
526,9,1,0,0
527,0,0,0,0
527,1,0,0,0
527,2,0,0,1
528,0,1,1,0
528,1,1,0,0
528,2,1,0,1
529,0,0,0,1
530,0,0,1,1
531,0,0,1,1
532,0,1,0,0
532,1,1,0,0
532,2,1,0,0
532,3,1,0,0
532,4,1,0,0
532,5,1,0,0
532,6,1,0,0
532,7,1,0,0
532,8,1,0,0
532,9,1,0,0
533,0,1,1,0
533,1,1,0,1
534,0,0,1,1
535,0,0,1,1
536,0,0,1,0
536,1,1,0,0
536,2,1,0,0
536,3,1,0,0
536,4,1,0,0
536,5,1,0,0
536,6,1,0,1
537,0,1,0,1
538,0,0,1,0
538,1,0,0,1
539,0,0,0,1
540,0,0,1,1
541,0,1,1,0
541,1,1,0,0
541,2,1,1,0
541,3,1,0,0
541,4,1,0,0
541,5,1,0,0
541,6,1,0,0
541,7,1,0,0
541,8,1,0,0
541,9,1,0,0
542,0,0,0,1
543,0,1,0,0
543,1,1,0,0
543,2,1,0,0
543,3,1,0,0
543,4,1,0,0
543,5,1,0,0
543,6,1,0,0
543,7,1,0,0
543,8,1,0,0
543,9,1,0,0
544,0,0,0,1
545,0,1,0,0
545,1,1,0,0
545,2,1,0,0
545,3,1,0,0
545,4,1,0,0
545,5,1,0,0
545,6,1,0,0
545,7,1,0,0
545,8,1,0,0
545,9,1,0,0
546,0,1,0,0
546,1,1,0,0
546,2,1,0,0
546,3,1,0,0
546,4,1,0,0
546,5,1,0,0
546,6,1,0,1
547,0,0,1,0
547,1,1,0,0
547,2,1,0,0
547,3,1,0,0
547,4,1,0,0
547,5,1,0,0
547,6,1,0,1
548,0,1,1,0
548,1,1,0,0
548,2,1,0,0
548,3,1,0,0
548,4,1,0,0
548,5,1,0,0
548,6,1,0,0
548,7,1,0,0
548,8,1,0,0
548,9,1,0,0
549,0,1,0,0
549,1,1,0,0
549,2,1,0,0
549,3,1,0,0
549,4,1,0,0
549,5,1,0,0
549,6,1,0,0
549,7,1,0,0
549,8,1,0,0
549,9,1,0,0
550,0,0,1,0
550,1,1,0,0
550,2,1,1,0
550,3,1,0,0
550,4,1,0,0
550,5,1,0,1
551,0,0,1,0
551,1,0,0,1
552,0,1,1,0
552,1,1,0,0
552,2,1,0,0
552,3,1,0,0
552,4,1,0,0
552,5,1,0,0
552,6,1,0,0
552,7,1,0,0
552,8,1,0,0
552,9,1,0,0
553,0,0,1,1
554,0,0,0,1
555,0,1,0,0
555,1,1,0,0
555,2,1,0,0
555,3,1,0,0
555,4,1,0,0
555,5,1,0,0
555,6,1,0,0
555,7,1,0,0
555,8,1,0,0
555,9,1,0,0
556,0,1,0,0
556,1,1,0,0
556,2,1,0,0
556,3,1,0,0
556,4,1,0,0
556,5,1,0,0
556,6,1,0,0
556,7,1,0,0
556,8,1,0,0
556,9,1,0,0
557,0,1,0,0
557,1,1,0,0
557,2,1,0,0
557,3,1,0,0
557,4,1,0,0
557,5,1,0,0
557,6,1,0,0
557,7,1,0,0
557,8,1,0,0
557,9,1,0,1
558,0,1,0,0
558,1,1,0,0
558,2,1,0,0
558,3,1,0,0
558,4,1,0,0
558,5,1,0,0
558,6,1,0,1
559,0,1,0,0
559,1,1,0,0
559,2,1,0,0
559,3,1,0,0
559,4,1,0,1
560,0,0,0,0
560,1,0,1,0
560,2,0,0,1
561,0,1,0,0
561,1,1,0,0
561,2,1,0,0
561,3,1,0,0
561,4,1,0,0
561,5,1,0,0
561,6,1,0,0
561,7,1,0,0
561,8,1,0,0
561,9,1,0,0
562,0,0,1,0
562,1,0,0,0
562,2,1,0,0
562,3,1,0,0
562,4,1,0,0
562,5,1,0,0
562,6,1,0,0
562,7,1,0,0
562,8,1,0,0
562,9,1,0,0
563,0,0,0,0
563,1,0,0,0
563,2,1,0,0
563,3,1,0,0
563,4,1,0,0
563,5,1,0,0
563,6,1,0,0
563,7,1,0,0
563,8,1,0,0
563,9,1,0,0
564,0,1,1,0
564,1,1,0,0
564,2,1,1,0
564,3,1,0,0
564,4,1,0,0
564,5,1,0,0
564,6,1,0,1
565,0,0,0,0
565,1,1,0,0
565,2,1,1,0
565,3,1,0,0
565,4,1,0,0
565,5,1,0,0
565,6,1,0,0
565,7,1,0,0
565,8,1,0,0
565,9,1,0,0
566,0,1,1,0
566,1,1,0,0
566,2,1,0,0
566,3,1,0,0
566,4,1,0,1
567,0,1,0,0
567,1,1,0,0
567,2,1,0,0
567,3,1,0,0
567,4,1,0,0
567,5,1,0,0
567,6,1,0,0
567,7,1,0,1
568,0,1,0,0
568,1,1,1,0
568,2,1,0,0
568,3,1,0,0
568,4,1,0,1
569,0,1,0,0
569,1,1,0,0
569,2,1,0,0
569,3,1,0,0
569,4,1,0,0
569,5,1,0,0
569,6,1,0,0
569,7,1,0,0
569,8,1,0,0
569,9,1,0,0
570,0,1,0,1
571,0,1,0,0
571,1,1,0,0
571,2,1,0,0
571,3,1,0,0
571,4,1,0,0
571,5,1,0,0
571,6,1,0,0
571,7,1,0,0
571,8,1,0,0
571,9,1,0,0
572,0,1,0,0
572,1,1,1,0
572,2,1,0,0
572,3,1,0,0
572,4,1,0,1
573,0,0,1,0
573,1,0,0,0
573,2,0,0,0
573,3,0,0,1
574,0,1,1,0
574,1,1,0,0
574,2,1,0,0
574,3,1,0,0
574,4,1,0,0
574,5,1,0,0
574,6,1,0,0
574,7,1,0,0
574,8,1,0,0
574,9,1,0,0
575,0,0,0,0
575,1,1,0,0
575,2,1,0,0
575,3,1,0,0
575,4,1,0,0
575,5,1,0,0
575,6,1,0,0
575,7,1,0,0
575,8,1,0,0
575,9,1,0,0
576,0,0,0,0
576,1,0,0,0
576,2,1,0,0
576,3,1,0,0
576,4,1,0,0
576,5,1,0,0
576,6,1,0,0
576,7,1,0,0
576,8,1,0,0
576,9,1,0,0
577,0,0,0,0
577,1,1,0,0
577,2,1,0,0
577,3,1,0,0
577,4,1,0,0
577,5,1,0,0
577,6,1,0,0
577,7,1,0,0
577,8,1,0,0
577,9,1,0,0
578,0,1,0,0
578,1,1,0,0
578,2,1,0,0
578,3,1,0,0
578,4,1,0,0
578,5,1,0,0
578,6,1,0,0
578,7,1,0,0
578,8,1,0,0
578,9,1,0,0
579,0,0,0,0
579,1,1,0,0
579,2,1,0,0
579,3,1,0,0
579,4,1,0,0
579,5,1,0,0
579,6,1,0,0
579,7,1,0,0
579,8,1,0,0
579,9,1,0,0
580,0,0,1,0
580,1,0,0,1
581,0,0,0,1
582,0,1,0,0
582,1,1,0,0
582,2,1,0,0
582,3,1,0,0
582,4,1,0,0
582,5,1,0,0
582,6,1,0,0
582,7,1,0,0
582,8,1,0,0
582,9,1,0,0
583,0,1,0,0
583,1,1,0,0
583,2,1,0,0
583,3,1,0,0
583,4,1,0,0
583,5,1,0,0
583,6,1,0,0
583,7,1,0,0
583,8,1,0,0
583,9,1,0,0
584,0,0,0,0
584,1,0,0,1
585,0,1,0,0
585,1,1,1,0
585,2,1,0,0
585,3,1,0,0
585,4,1,0,0
585,5,1,0,0
585,6,1,0,0
585,7,1,0,0
585,8,1,0,0
585,9,1,0,0
586,0,1,0,0
586,1,1,0,0
586,2,1,0,0
586,3,1,0,0
586,4,1,0,0
586,5,1,0,0
586,6,1,0,0
586,7,1,0,0
586,8,1,0,0
586,9,1,0,0
587,0,0,1,0
587,1,0,0,1
588,0,0,1,1
589,0,1,0,0
589,1,1,0,0
589,2,1,0,0
589,3,1,0,0
589,4,1,0,0
589,5,1,0,0
589,6,1,0,0
589,7,1,0,0
589,8,1,0,0
589,9,1,0,0
590,0,1,0,0
590,1,1,0,0
590,2,1,0,0
590,3,1,0,0
590,4,1,0,0
590,5,1,0,0
590,6,1,0,0
590,7,1,0,0
590,8,1,0,0
590,9,1,0,1
591,0,0,1,0
591,1,1,0,1
592,0,0,0,0
592,1,0,0,0
592,2,0,0,1
593,0,1,0,0
593,1,1,0,0
593,2,1,0,0
593,3,1,0,0
593,4,1,0,0
593,5,1,0,0
593,6,1,0,0
593,7,1,0,0
593,8,1,0,0
593,9,1,0,0
594,0,0,0,1
595,0,1,1,0
595,1,1,0,0
595,2,1,0,0
595,3,1,0,0
595,4,1,0,0
595,5,1,0,0
595,6,1,0,0
595,7,1,0,0
595,8,1,0,0
595,9,1,0,0
596,0,1,1,0
596,1,1,0,0
596,2,1,0,0
596,3,1,0,0
596,4,1,0,0
596,5,1,0,0
596,6,1,0,0
596,7,1,0,0
596,8,1,0,0
596,9,1,0,0
597,0,0,1,1
598,0,0,0,1
599,0,0,0,0
599,1,0,0,0
599,2,1,0,0
599,3,1,0,0
599,4,1,0,0
599,5,1,0,0
599,6,1,0,0
599,7,1,0,0
599,8,1,0,0
599,9,1,0,0
600,0,0,0,0
600,1,1,0,0
600,2,1,0,0
600,3,1,0,0
600,4,1,0,0
600,5,1,0,0
600,6,1,0,0
600,7,1,0,0
600,8,1,0,0
600,9,1,0,0
601,0,0,1,1
602,0,0,0,0
602,1,1,0,0
602,2,1,0,0
602,3,1,0,0
602,4,1,0,0
602,5,1,0,0
602,6,1,0,0
602,7,1,0,0
602,8,1,0,0
602,9,1,0,0
603,0,1,0,0
603,1,1,0,0
603,2,1,0,1
604,0,1,0,0
604,1,1,0,0
604,2,1,0,0
604,3,1,0,0
604,4,1,0,1
605,0,1,0,0
605,1,1,0,0
605,2,1,0,0
605,3,1,0,0
605,4,1,0,0
605,5,1,0,0
605,6,1,0,0
605,7,1,0,0
605,8,1,0,0
605,9,1,0,0
606,0,1,1,0
606,1,1,0,0
606,2,1,0,0
606,3,1,0,0
606,4,1,0,0
606,5,1,0,0
606,6,1,0,0
606,7,1,0,0
606,8,1,0,1
607,0,0,1,0
607,1,0,0,0
607,2,0,0,1
608,0,0,1,0
608,1,0,1,1
609,0,0,1,1
610,0,0,0,0
610,1,0,0,1
611,0,1,0,1
612,0,1,0,0
612,1,1,0,0
612,2,1,0,0
612,3,1,0,0
612,4,1,0,0
612,5,1,0,0
612,6,1,0,0
612,7,1,0,0
612,8,1,0,0
612,9,1,0,0
613,0,1,1,0
613,1,1,0,0
613,2,1,0,0
613,3,1,0,0
613,4,1,0,0
613,5,1,0,1
614,0,0,1,0
614,1,0,0,0
614,2,0,0,0
614,3,1,0,0
614,4,1,0,0
614,5,1,0,0
614,6,1,0,0
614,7,1,0,0
614,8,1,0,0
614,9,1,0,0
615,0,1,0,0
615,1,1,1,0
615,2,1,0,0
615,3,1,0,0
615,4,1,0,0
615,5,1,0,0
615,6,1,0,0
615,7,1,0,0
615,8,1,0,0
615,9,1,0,0
616,0,0,0,1
617,0,1,0,0
617,1,1,0,0
617,2,1,0,0
617,3,1,0,0
617,4,1,0,0
617,5,1,0,0
617,6,1,0,0
617,7,1,0,0
617,8,1,0,0
617,9,1,0,0
618,0,1,0,0
618,1,1,0,0
618,2,1,0,0
618,3,1,0,0
618,4,1,0,0
618,5,1,0,0
618,6,1,0,0
618,7,1,0,0
618,8,1,0,0
618,9,1,0,0
619,0,1,0,0
619,1,1,0,0
619,2,1,0,0
619,3,1,0,0
619,4,1,0,0
619,5,1,0,0
619,6,1,0,0
619,7,1,0,0
619,8,1,0,0
619,9,1,0,0
620,0,1,0,0
620,1,1,0,0
620,2,1,1,0
620,3,1,0,0
620,4,1,0,0
620,5,1,0,0
620,6,1,0,0
620,7,1,0,0
620,8,1,0,0
620,9,1,0,0
621,0,0,0,1
622,0,1,0,0
622,1,1,0,0
622,2,1,0,1
623,0,1,0,0
623,1,1,0,0
623,2,1,0,1
624,0,1,0,0
624,1,1,0,0
624,2,1,0,0
624,3,1,0,0
624,4,1,0,0
624,5,1,0,0
624,6,1,0,0
624,7,1,0,0
624,8,1,0,0
624,9,1,0,0
625,0,0,0,1
626,0,1,0,0
626,1,1,0,0
626,2,1,0,0
626,3,1,0,0
626,4,1,0,0
626,5,1,0,0
626,6,1,0,0
626,7,1,0,0
626,8,1,0,0
626,9,1,0,0
627,0,0,1,0
627,1,0,0,0
627,2,0,0,0
627,3,1,0,0
627,4,1,0,0
627,5,1,0,0
627,6,1,0,0
627,7,1,0,0
627,8,1,0,0
627,9,1,0,0
628,0,0,0,0
628,1,1,0,0
628,2,1,0,0
628,3,1,0,0
628,4,1,0,0
628,5,1,0,0
628,6,1,0,0
628,7,1,0,0
628,8,1,0,0
628,9,1,0,0
629,0,1,0,0
629,1,1,0,0
629,2,1,0,0
629,3,1,0,0
629,4,1,0,0
629,5,1,0,0
629,6,1,0,0
629,7,1,0,0
629,8,1,0,0
629,9,1,0,0
630,0,0,1,1
631,0,1,0,0
631,1,1,0,0
631,2,1,0,1
632,0,1,0,0
632,1,1,0,0
632,2,1,0,0
632,3,1,0,0
632,4,1,0,0
632,5,1,0,0
632,6,1,0,0
632,7,1,0,0
632,8,1,0,0
632,9,1,0,0
633,0,0,1,0
633,1,1,0,0
633,2,1,0,0
633,3,1,0,0
633,4,1,0,0
633,5,1,0,0
633,6,1,0,0
633,7,1,0,0
633,8,1,0,0
633,9,1,0,0
634,0,0,1,1
635,0,1,0,0
635,1,1,0,0
635,2,1,0,0
635,3,1,0,0
635,4,1,0,0
635,5,1,0,0
635,6,1,0,0
635,7,1,0,0
635,8,1,0,0
635,9,1,0,0
636,0,0,1,1
637,0,1,1,0
637,1,1,0,0
637,2,1,0,0
637,3,1,0,0
637,4,1,0,0
637,5,1,1,0
637,6,1,0,0
637,7,1,0,1
638,0,1,0,0
638,1,1,0,0
638,2,1,0,0
638,3,1,0,0
638,4,1,0,0
638,5,1,0,1
639,0,1,0,0
639,1,1,0,0
639,2,1,0,0
639,3,1,0,0
639,4,1,0,0
639,5,1,0,1
640,0,0,1,1
641,0,1,0,0
641,1,1,0,0
641,2,1,0,0
641,3,1,0,0
641,4,1,0,0
641,5,1,0,0
641,6,1,0,0
641,7,1,0,0
641,8,1,0,0
641,9,1,0,0
642,0,0,1,0
642,1,0,0,0
642,2,0,0,1
643,0,1,1,0
643,1,1,0,0
643,2,1,0,0
643,3,1,0,0
643,4,1,0,1
644,0,0,0,0
644,1,1,0,0
644,2,1,0,0
644,3,1,0,0
644,4,1,0,0
644,5,1,0,0
644,6,1,0,0
644,7,1,0,0
644,8,1,0,0
644,9,1,0,0
645,0,0,1,0
645,1,1,0,0
645,2,1,0,0
645,3,1,0,0
645,4,1,0,0
645,5,1,0,0
645,6,1,0,0
645,7,1,0,0
645,8,1,0,0
645,9,1,0,0
646,0,0,0,1
647,0,0,1,0
647,1,0,0,1
648,0,0,1,1
649,0,0,1,0
649,1,1,0,0
649,2,1,0,0
649,3,1,0,0
649,4,1,0,0
649,5,1,0,0
649,6,1,0,0
649,7,1,0,0
649,8,1,0,0
649,9,1,0,0
650,0,1,0,0
650,1,1,0,0
650,2,1,0,0
650,3,1,0,0
650,4,1,0,0
650,5,1,0,0
650,6,1,0,0
650,7,1,0,1
651,0,0,0,1
652,0,0,0,1
653,0,0,0,0
653,1,0,0,1
654,0,0,1,0
654,1,0,0,0
654,2,0,0,1
655,0,0,0,0
655,1,1,0,0
655,2,1,0,0
655,3,1,0,0
655,4,1,0,0
655,5,1,0,0
655,6,1,0,0
655,7,1,0,0
655,8,1,0,0
655,9,1,0,1
656,0,1,1,0
656,1,1,0,0
656,2,1,0,0
656,3,1,0,0
656,4,1,0,1
657,0,1,0,0
657,1,1,0,0
657,2,1,0,0
657,3,1,0,0
657,4,1,0,0
657,5,1,0,0
657,6,1,0,0
657,7,1,0,0
657,8,1,0,0
657,9,1,0,0
658,0,1,0,0
658,1,1,0,0
658,2,1,0,0
658,3,1,0,0
658,4,1,0,0
658,5,1,0,0
658,6,1,0,0
658,7,1,0,0
658,8,1,0,0
658,9,1,0,0
659,0,0,1,0
659,1,0,0,1
660,0,0,1,0
660,1,1,0,0
660,2,1,1,0
660,3,1,0,0
660,4,1,0,0
660,5,1,0,0
660,6,1,1,0
660,7,1,0,0
660,8,1,0,0
660,9,1,0,0
661,0,0,0,1
662,0,1,0,0
662,1,1,0,0
662,2,1,0,0
662,3,1,0,0
662,4,1,0,0
662,5,1,0,0
662,6,1,0,0
662,7,1,0,0
662,8,1,0,0
662,9,1,0,1
663,0,1,0,0
663,1,1,1,0
663,2,1,0,0
663,3,1,0,0
663,4,1,0,0
663,5,1,0,0
663,6,1,0,0
663,7,1,0,0
663,8,1,0,0
663,9,1,0,0
664,0,0,0,0
664,1,0,0,0
664,2,0,0,0
664,3,0,0,1
665,0,0,0,0
665,1,1,0,0
665,2,1,0,0
665,3,1,0,0
665,4,1,0,0
665,5,1,0,0
665,6,1,0,0
665,7,1,0,0
665,8,1,0,0
665,9,1,0,0
666,0,0,0,1
667,0,0,0,0
667,1,1,1,0
667,2,1,0,0
667,3,1,0,0
667,4,1,0,0
667,5,1,0,0
667,6,1,0,0
667,7,1,0,0
667,8,1,0,0
667,9,1,0,0
668,0,0,0,1
669,0,0,1,0
669,1,0,0,0
669,2,0,0,1
670,0,1,0,0
670,1,1,0,0
670,2,1,0,0
670,3,1,0,1
671,0,1,1,0
671,1,1,0,0
671,2,1,0,0
671,3,1,0,0
671,4,1,0,0
671,5,1,0,0
671,6,1,0,0
671,7,1,0,0
671,8,1,0,0
671,9,1,0,0
672,0,0,0,0
672,1,0,0,0
672,2,1,0,0
672,3,1,0,0
672,4,1,0,0
672,5,1,0,0
672,6,1,0,0
672,7,1,0,0
672,8,1,0,0
672,9,1,0,0
673,0,0,1,0
673,1,1,0,0
673,2,1,0,0
673,3,1,0,0
673,4,1,0,0
673,5,1,0,1
674,0,1,0,0
674,1,1,0,0
674,2,1,0,0
674,3,1,0,0
674,4,1,0,0
674,5,1,0,0
674,6,1,0,0
674,7,1,0,0
674,8,1,0,0
674,9,1,0,0
675,0,1,0,0
675,1,1,0,0
675,2,1,0,0
675,3,1,0,0
675,4,1,0,0
675,5,1,0,0
675,6,1,0,0
675,7,1,0,0
675,8,1,0,0
675,9,1,0,0
676,0,1,0,0
676,1,1,1,0
676,2,1,0,0
676,3,1,0,0
676,4,1,0,0
676,5,1,0,0
676,6,1,0,0
676,7,1,0,0
676,8,1,0,0
676,9,1,0,0
677,0,0,1,1
678,0,0,1,0
678,1,0,0,0
678,2,0,0,1
679,0,0,0,0
679,1,0,0,1
680,0,0,0,1
681,0,1,0,0
681,1,1,0,0
681,2,1,0,0
681,3,1,0,0
681,4,1,0,0
681,5,1,0,0
681,6,1,0,0
681,7,1,0,0
681,8,1,0,0
681,9,1,0,0
682,0,1,0,0
682,1,1,0,0
682,2,1,0,0
682,3,1,0,0
682,4,1,0,0
682,5,1,0,0
682,6,1,0,0
682,7,1,0,0
682,8,1,0,0
682,9,1,0,0
683,0,1,0,0
683,1,1,0,0
683,2,1,0,0
683,3,1,0,0
683,4,1,0,0
683,5,1,0,0
683,6,1,0,0
683,7,1,0,0
683,8,1,0,0
683,9,1,0,0
684,0,1,0,0
684,1,1,0,0
684,2,1,0,0
684,3,1,0,0
684,4,1,0,0
684,5,1,0,0
684,6,1,0,0
684,7,1,0,0
684,8,1,0,0
684,9,1,0,0
685,0,1,1,0
685,1,1,0,0
685,2,1,0,0
685,3,1,0,0
685,4,1,0,0
685,5,1,0,0
685,6,1,0,0
685,7,1,0,0
685,8,1,0,1
686,0,0,0,0
686,1,0,1,1
687,0,1,0,0
687,1,1,0,0
687,2,1,0,0
687,3,1,0,0
687,4,1,0,0
687,5,1,0,0
687,6,1,0,0
687,7,1,0,0
687,8,1,0,0
687,9,1,0,0
688,0,1,0,0
688,1,1,0,0
688,2,1,0,0
688,3,1,0,0
688,4,1,0,0
688,5,1,0,0
688,6,1,0,0
688,7,1,0,0
688,8,1,0,0
688,9,1,0,0
689,0,0,0,1
690,0,0,1,0
690,1,1,0,0
690,2,1,0,0
690,3,1,0,0
690,4,1,0,0
690,5,1,0,0
690,6,1,0,0
690,7,1,0,0
690,8,1,0,0
690,9,1,0,1
691,0,0,0,0
691,1,1,0,0
691,2,1,0,0
691,3,1,0,1
692,0,0,0,0
692,1,0,0,1
693,0,0,1,0
693,1,1,0,0
693,2,1,0,0
693,3,1,0,0
693,4,1,0,0
693,5,1,0,0
693,6,1,0,0
693,7,1,0,0
693,8,1,0,0
693,9,1,0,0
694,0,1,1,0
694,1,1,1,0
694,2,1,0,0
694,3,1,0,0
694,4,1,0,0
694,5,1,0,0
694,6,1,0,0
694,7,1,0,0
694,8,1,0,0
694,9,1,0,0
695,0,0,0,1
696,0,1,0,0
696,1,1,0,0
696,2,1,0,0
696,3,1,0,0
696,4,1,0,0
696,5,1,0,1
697,0,0,1,0
697,1,0,0,1
698,0,0,0,1
699,0,0,1,0
699,1,0,1,0
699,2,1,0,0
699,3,1,0,0
699,4,1,0,0
699,5,1,0,0
699,6,1,0,0
699,7,1,0,0
699,8,1,0,0
699,9,1,0,0
700,0,1,0,0
700,1,1,0,1
701,0,1,0,0
701,1,1,0,0
701,2,1,0,1
702,0,0,0,0
702,1,0,1,0
702,2,0,0,1
703,0,1,0,0
703,1,1,0,0
703,2,1,0,0
703,3,1,0,0
703,4,1,0,0
703,5,1,0,0
703,6,1,0,0
703,7,1,0,0
703,8,1,0,0
703,9,1,0,0
704,0,1,1,0
704,1,1,0,0
704,2,1,1,0
704,3,1,0,1
705,0,1,1,0
705,1,1,0,0
705,2,1,0,0
705,3,1,0,0
705,4,1,0,0
705,5,1,0,0
705,6,1,0,0
705,7,1,0,0
705,8,1,0,0
705,9,1,0,0
706,0,1,1,0
706,1,1,0,1
707,0,1,0,0
707,1,1,0,0
707,2,1,0,0
707,3,1,0,0
707,4,1,0,0
707,5,1,0,0
707,6,1,0,0
707,7,1,0,0
707,8,1,0,0
707,9,1,0,1
708,0,0,1,0
708,1,0,0,0
708,2,0,0,1
709,0,1,0,0
709,1,1,0,0
709,2,1,0,0
709,3,1,0,0
709,4,1,0,0
709,5,1,0,0
709,6,1,0,0
709,7,1,0,0
709,8,1,0,0
709,9,1,0,0
710,0,1,1,0
710,1,1,1,0
710,2,1,0,0
710,3,1,0,0
710,4,1,0,0
710,5,1,0,0
710,6,1,0,0
710,7,1,0,1
711,0,0,0,1
712,0,0,1,1
713,0,0,1,0
713,1,0,0,0
713,2,1,0,0
713,3,1,0,0
713,4,1,0,0
713,5,1,0,0
713,6,1,0,1
714,0,0,1,0
714,1,0,0,0
714,2,1,0,0
714,3,1,0,0
714,4,1,0,0
714,5,1,0,0
714,6,1,0,0
714,7,1,0,0
714,8,1,0,0
714,9,1,0,0
715,0,0,1,0
715,1,0,1,0
715,2,0,0,1
716,0,1,0,0
716,1,1,0,0
716,2,1,0,0
716,3,1,0,0
716,4,1,0,0
716,5,1,0,0
716,6,1,0,0
716,7,1,0,0
716,8,1,0,0
716,9,1,0,0
717,0,0,0,1
718,0,1,0,0
718,1,1,0,0
718,2,1,0,0
718,3,1,0,0
718,4,1,0,0
718,5,1,0,0
718,6,1,0,0
718,7,1,0,0
718,8,1,0,0
718,9,1,0,1
719,0,0,0,0
719,1,0,0,1
720,0,1,0,0
720,1,1,0,0
720,2,1,0,1
721,0,0,1,1
722,0,0,0,1
723,0,1,0,0
723,1,1,0,0
723,2,1,0,0
723,3,1,0,0
723,4,1,0,0
723,5,1,0,0
723,6,1,0,0
723,7,1,0,0
723,8,1,0,0
723,9,1,0,1
724,0,1,1,0
724,1,1,0,0
724,2,1,0,0
724,3,1,0,0
724,4,1,0,0
724,5,1,0,0
724,6,1,0,0
724,7,1,0,0
724,8,1,0,0
724,9,1,0,0
725,0,0,1,1
726,0,1,0,0
726,1,1,0,0
726,2,1,0,0
726,3,1,0,0
726,4,1,0,0
726,5,1,0,0
726,6,1,0,0
726,7,1,0,0
726,8,1,0,0
726,9,1,0,0
727,0,0,1,0
727,1,0,1,0
727,2,1,0,0
727,3,1,0,0
727,4,1,0,1
728,0,0,0,0
728,1,1,0,0
728,2,1,0,0
728,3,1,0,0
728,4,1,0,0
728,5,1,0,0
728,6,1,0,0
728,7,1,0,0
728,8,1,0,0
728,9,1,0,0
729,0,1,0,0
729,1,1,0,0
729,2,1,0,0
729,3,1,0,1
730,0,0,1,0
730,1,1,0,0
730,2,1,0,0
730,3,1,0,1
731,0,1,1,0
731,1,1,0,0
731,2,1,0,0
731,3,1,0,0
731,4,1,0,0
731,5,1,0,0
731,6,1,0,0
731,7,1,0,0
731,8,1,0,0
731,9,1,0,0
732,0,1,0,0
732,1,1,0,0
732,2,1,0,0
732,3,1,0,0
732,4,1,0,0
732,5,1,0,0
732,6,1,0,1
733,0,0,1,0
733,1,0,0,0
733,2,0,0,0
733,3,0,0,0
733,4,0,0,1
734,0,1,0,0
734,1,1,1,0
734,2,1,0,0
734,3,1,0,0
734,4,1,0,0
734,5,1,0,0
734,6,1,0,0
734,7,1,0,0
734,8,1,0,0
734,9,1,0,0
735,0,1,0,0
735,1,1,0,0
735,2,1,0,0
735,3,1,0,0
735,4,1,0,0
735,5,1,0,0
735,6,1,0,0
735,7,1,0,0
735,8,1,0,0
735,9,1,0,0
736,0,1,1,0
736,1,1,0,0
736,2,1,0,0
736,3,1,0,0
736,4,1,0,0
736,5,1,0,0
736,6,1,0,0
736,7,1,0,0
736,8,1,0,0
736,9,1,0,0
737,0,1,0,0
737,1,1,0,0
737,2,1,0,0
737,3,1,0,0
737,4,1,0,0
737,5,1,0,0
737,6,1,0,0
737,7,1,0,0
737,8,1,0,0
737,9,1,0,0
738,0,0,0,0
738,1,0,0,0
738,2,0,0,1
739,0,0,1,0
739,1,0,0,0
739,2,0,1,1
740,0,1,0,0
740,1,1,0,0
740,2,1,0,0
740,3,1,0,0
740,4,1,0,0
740,5,1,0,0
740,6,1,0,0
740,7,1,0,0
740,8,1,0,0
740,9,1,0,0
741,0,1,0,0
741,1,1,0,0
741,2,1,0,0
741,3,1,0,0
741,4,1,0,0
741,5,1,0,0
741,6,1,0,1
742,0,0,0,0
742,1,0,0,1
743,0,0,1,0
743,1,0,0,0
743,2,0,0,0
743,3,0,0,1
744,0,0,0,0
744,1,0,0,1
745,0,0,0,1
746,0,0,0,1
747,0,0,0,1
748,0,0,1,0
748,1,0,0,1
749,0,0,1,0
749,1,0,0,0
749,2,0,0,0
749,3,1,0,0
749,4,1,0,0
749,5,1,0,0
749,6,1,0,0
749,7,1,0,0
749,8,1,0,0
749,9,1,0,0
750,0,1,0,0
750,1,1,0,0
750,2,1,0,0
750,3,1,0,0
750,4,1,0,0
750,5,1,0,0
750,6,1,0,0
750,7,1,0,0
750,8,1,0,0
750,9,1,0,0
751,0,1,0,0
751,1,1,0,0
751,2,1,0,0
751,3,1,0,0
751,4,1,0,0
751,5,1,0,0
751,6,1,0,0
751,7,1,0,0
751,8,1,0,0
751,9,1,0,0
752,0,0,0,1
753,0,1,0,0
753,1,1,0,0
753,2,1,0,0
753,3,1,0,0
753,4,1,0,0
753,5,1,0,0
753,6,1,0,0
753,7,1,0,0
753,8,1,0,0
753,9,1,0,0
754,0,1,0,0
754,1,1,0,0
754,2,1,0,0
754,3,1,0,0
754,4,1,0,0
754,5,1,0,0
754,6,1,0,0
754,7,1,0,1
755,0,1,0,0
755,1,1,0,0
755,2,1,0,0
755,3,1,0,1
756,0,0,0,0
756,1,0,0,1
757,0,1,1,0
757,1,1,0,0
757,2,1,0,0
757,3,1,0,0
757,4,1,0,0
757,5,1,0,0
757,6,1,0,0
757,7,1,0,0
757,8,1,0,0
757,9,1,0,0
758,0,0,0,1
759,0,0,0,1
760,0,0,0,0
760,1,0,1,0
760,2,0,0,1
761,0,1,1,0
761,1,1,0,0
761,2,1,0,0
761,3,1,0,0
761,4,1,0,0
761,5,1,0,0
761,6,1,0,0
761,7,1,0,0
761,8,1,0,0
761,9,1,0,0
762,0,0,1,0
762,1,1,0,0
762,2,1,0,0
762,3,1,0,0
762,4,1,0,0
762,5,1,0,0
762,6,1,0,0
762,7,1,0,0
762,8,1,0,0
762,9,1,0,0
763,0,1,0,0
763,1,1,0,0
763,2,1,0,0
763,3,1,0,0
763,4,1,0,0
763,5,1,0,0
763,6,1,0,0
763,7,1,0,0
763,8,1,0,0
763,9,1,0,0
764,0,0,0,0
764,1,0,0,1
765,0,1,0,0
765,1,1,0,0
765,2,1,0,0
765,3,1,0,0
765,4,1,0,0
765,5,1,0,0
765,6,1,0,0
765,7,1,0,0
765,8,1,0,0
765,9,1,0,0
766,0,0,0,0
766,1,0,0,1
767,0,0,0,1
768,0,0,0,1
769,0,0,0,0
769,1,0,0,1
770,0,0,0,1
771,0,1,1,0
771,1,1,0,0
771,2,1,0,0
771,3,1,0,0
771,4,1,0,0
771,5,1,0,0
771,6,1,0,0
771,7,1,0,0
771,8,1,0,1
772,0,0,0,0
772,1,1,0,0
772,2,1,0,0
772,3,1,0,0
772,4,1,0,0
772,5,1,0,1
773,0,0,0,0
773,1,0,0,0
773,2,0,0,1
774,0,1,0,0
774,1,1,1,0
774,2,1,0,0
774,3,1,0,0
774,4,1,0,0
774,5,1,0,0
774,6,1,0,0
774,7,1,0,0
774,8,1,0,0
774,9,1,0,0
775,0,1,0,0
775,1,1,0,0
775,2,1,0,0
775,3,1,0,0
775,4,1,0,0
775,5,1,0,0
775,6,1,0,0
775,7,1,0,0
775,8,1,0,0
775,9,1,0,0
776,0,1,0,0
776,1,1,0,0
776,2,1,0,1
777,0,0,0,1
778,0,0,1,0
778,1,1,0,0
778,2,1,0,0
778,3,1,0,0
778,4,1,0,0
778,5,1,0,0
778,6,1,0,0
778,7,1,0,0
778,8,1,0,0
778,9,1,0,0
779,0,1,1,0
779,1,1,0,0
779,2,1,0,0
779,3,1,0,0
779,4,1,0,0
779,5,1,0,0
779,6,1,0,0
779,7,1,0,0
779,8,1,0,0
779,9,1,0,0
780,0,0,1,0
780,1,0,0,0
780,2,0,0,0
780,3,1,0,0
780,4,1,0,0
780,5,1,0,0
780,6,1,0,0
780,7,1,0,0
780,8,1,0,0
780,9,1,0,1
781,0,1,0,0
781,1,1,0,0
781,2,1,0,0
781,3,1,0,0
781,4,1,0,0
781,5,1,0,0
781,6,1,0,0
781,7,1,0,0
781,8,1,0,0
781,9,1,0,0
782,0,1,0,0
782,1,1,0,0
782,2,1,0,0
782,3,1,0,0
782,4,1,0,0
782,5,1,0,0
782,6,1,0,0
782,7,1,0,0
782,8,1,0,0
782,9,1,0,0
783,0,0,0,0
783,1,0,0,0
783,2,0,0,0
783,3,1,0,1
784,0,0,1,0
784,1,1,0,0
784,2,1,0,0
784,3,1,0,0
784,4,1,0,1
785,0,1,0,0
785,1,1,0,0
785,2,1,0,0
785,3,1,0,0
785,4,1,0,0
785,5,1,0,0
785,6,1,0,0
785,7,1,0,0
785,8,1,0,0
785,9,1,0,0
786,0,1,1,0
786,1,1,0,0
786,2,1,0,0
786,3,1,0,0
786,4,1,0,0
786,5,1,0,0
786,6,1,0,0
786,7,1,0,0
786,8,1,0,0
786,9,1,0,0
787,0,0,1,0
787,1,0,1,0
787,2,0,0,0
787,3,1,0,0
787,4,1,0,0
787,5,1,0,0
787,6,1,0,0
787,7,1,0,0
787,8,1,0,0
787,9,1,0,0
788,0,1,0,0
788,1,1,0,0
788,2,1,0,0
788,3,1,0,0
788,4,1,0,0
788,5,1,0,0
788,6,1,0,0
788,7,1,0,0
788,8,1,0,0
788,9,1,0,0
789,0,0,0,0
789,1,1,1,0
789,2,1,0,0
789,3,1,0,0
789,4,1,0,0
789,5,1,0,0
789,6,1,0,0
789,7,1,0,0
789,8,1,0,0
789,9,1,0,0
790,0,0,1,0
790,1,0,0,0
790,2,1,0,0
790,3,1,0,0
790,4,1,0,0
790,5,1,0,0
790,6,1,0,1
791,0,0,1,1
792,0,1,0,0
792,1,1,0,0
792,2,1,0,0
792,3,1,1,1
793,0,0,1,0
793,1,0,0,1
794,0,0,0,1
795,0,0,1,0
795,1,0,0,1
796,0,0,0,1
797,0,1,1,0
797,1,1,0,0
797,2,1,0,0
797,3,1,0,0
797,4,1,0,0
797,5,1,0,0
797,6,1,0,0
797,7,1,0,0
797,8,1,0,0
797,9,1,0,0
798,0,0,0,1
799,0,1,1,0
799,1,1,0,0
799,2,1,0,0
799,3,1,0,0
799,4,1,0,0
799,5,1,0,0
799,6,1,0,0
799,7,1,0,0
799,8,1,0,0
799,9,1,0,0
800,0,1,0,0
800,1,1,0,0
800,2,1,0,0
800,3,1,0,0
800,4,1,0,0
800,5,1,0,0
800,6,1,0,0
800,7,1,0,0
800,8,1,0,0
800,9,1,0,1
801,0,0,0,1
802,0,1,0,0
802,1,1,0,0
802,2,1,0,0
802,3,1,0,0
802,4,1,0,0
802,5,1,0,0
802,6,1,0,0
802,7,1,0,0
802,8,1,0,0
802,9,1,0,0
803,0,1,0,0
803,1,1,0,0
803,2,1,0,0
803,3,1,0,0
803,4,1,0,0
803,5,1,0,1
804,0,1,1,0
804,1,1,0,0
804,2,1,0,0
804,3,1,0,0
804,4,1,0,0
804,5,1,0,0
804,6,1,0,0
804,7,1,0,0
804,8,1,0,0
804,9,1,0,0
805,0,0,1,0
805,1,0,0,0
805,2,1,0,0
805,3,1,0,0
805,4,1,0,0
805,5,1,0,0
805,6,1,0,0
805,7,1,0,0
805,8,1,0,0
805,9,1,0,0
806,0,1,0,0
806,1,1,0,0
806,2,1,0,0
806,3,1,0,0
806,4,1,0,1
807,0,0,0,0
807,1,0,0,1
808,0,0,1,0
808,1,0,0,0
808,2,1,0,0
808,3,1,0,0
808,4,1,0,0
808,5,1,0,0
808,6,1,0,0
808,7,1,0,0
808,8,1,0,0
808,9,1,0,0
809,0,1,0,0
809,1,1,0,0
809,2,1,0,0
809,3,1,0,0
809,4,1,0,0
809,5,1,0,0
809,6,1,0,0
809,7,1,0,0
809,8,1,0,0
809,9,1,0,0
810,0,0,1,0
810,1,0,0,1
811,0,1,0,0
811,1,1,0,0
811,2,1,0,0
811,3,1,0,0
811,4,1,0,0
811,5,1,0,0
811,6,1,0,0
811,7,1,0,0
811,8,1,0,0
811,9,1,0,0
812,0,1,1,0
812,1,1,0,0
812,2,1,0,0
812,3,1,0,0
812,4,1,0,0
812,5,1,0,0
812,6,1,0,0
812,7,1,0,0
812,8,1,0,0
812,9,1,0,0
813,0,0,0,0
813,1,0,0,1
814,0,0,1,0
814,1,0,0,0
814,2,0,0,0
814,3,0,0,0
814,4,0,0,0
814,5,1,0,0
814,6,1,0,0
814,7,1,0,0
814,8,1,0,0
814,9,1,0,0
815,0,0,0,0
815,1,0,1,0
815,2,0,0,0
815,3,0,0,1
816,0,1,0,0
816,1,1,0,0
816,2,1,0,0
816,3,1,0,0
816,4,1,0,0
816,5,1,0,0
816,6,1,0,0
816,7,1,0,0
816,8,1,0,0
816,9,1,0,0
817,0,0,1,0
817,1,0,0,0
817,2,0,0,0
817,3,1,0,0
817,4,1,0,0
817,5,1,0,0
817,6,1,0,0
817,7,1,0,0
817,8,1,0,0
817,9,1,0,0
818,0,1,0,0
818,1,1,0,0
818,2,1,0,0
818,3,1,0,0
818,4,1,1,0
818,5,1,0,0
818,6,1,0,0
818,7,1,0,0
818,8,1,0,0
818,9,1,0,0
819,0,0,0,0
819,1,1,0,0
819,2,1,0,0
819,3,1,0,0
819,4,1,0,0
819,5,1,0,0
819,6,1,0,0
819,7,1,0,0
819,8,1,0,0
819,9,1,0,0
820,0,0,0,1
821,0,0,0,0
821,1,0,0,0
821,2,0,0,1
822,0,0,0,0
822,1,1,0,0
822,2,1,0,0
822,3,1,0,0
822,4,1,0,0
822,5,1,0,1
823,0,1,0,0
823,1,1,0,0
823,2,1,0,0
823,3,1,0,0
823,4,1,0,0
823,5,1,0,0
823,6,1,0,0
823,7,1,0,0
823,8,1,0,0
823,9,1,0,0
824,0,0,1,0
824,1,0,0,0
824,2,1,0,1
825,0,0,0,0
825,1,1,0,0
825,2,1,0,1
826,0,0,1,0
826,1,0,0,0
826,2,1,0,0
826,3,1,0,1
827,0,1,0,0
827,1,1,0,0
827,2,1,0,0
827,3,1,0,0
827,4,1,0,0
827,5,1,0,0
827,6,1,0,0
827,7,1,0,0
827,8,1,0,0
827,9,1,0,0
828,0,1,1,0
828,1,1,0,0
828,2,1,0,0
828,3,1,0,0
828,4,1,0,0
828,5,1,0,0
828,6,1,0,0
828,7,1,0,0
828,8,1,0,0
828,9,1,0,0
829,0,1,0,0
829,1,1,0,0
829,2,1,0,0
829,3,1,0,0
829,4,1,0,0
829,5,1,0,0
829,6,1,0,0
829,7,1,0,0
829,8,1,0,0
829,9,1,0,1
830,0,0,0,1
831,0,1,0,0
831,1,1,0,0
831,2,1,0,0
831,3,1,0,0
831,4,1,0,0
831,5,1,0,0
831,6,1,0,0
831,7,1,0,0
831,8,1,0,0
831,9,1,0,0
832,0,0,1,1
833,0,1,1,0
833,1,1,0,0
833,2,1,0,0
833,3,1,0,0
833,4,1,0,0
833,5,1,0,0
833,6,1,0,0
833,7,1,0,0
833,8,1,0,0
833,9,1,0,0
834,0,0,1,0
834,1,0,0,1
835,0,1,0,0
835,1,1,0,0
835,2,1,0,0
835,3,1,0,0
835,4,1,0,0
835,5,1,0,0
835,6,1,0,0
835,7,1,0,0
835,8,1,0,0
835,9,1,0,1
836,0,1,0,0
836,1,1,0,0
836,2,1,0,0
836,3,1,0,0
836,4,1,0,1
837,0,0,0,0
837,1,1,0,0
837,2,1,0,0
837,3,1,0,0
837,4,1,0,0
837,5,1,0,0
837,6,1,0,0
837,7,1,0,0
837,8,1,0,0
837,9,1,0,0
838,0,1,0,0
838,1,1,0,0
838,2,1,0,0
838,3,1,0,0
838,4,1,0,0
838,5,1,0,0
838,6,1,0,0
838,7,1,0,0
838,8,1,0,0
838,9,1,0,0
839,0,1,0,0
839,1,1,0,0
839,2,1,0,0
839,3,1,0,0
839,4,1,0,0
839,5,1,0,0
839,6,1,0,0
839,7,1,0,0
839,8,1,0,0
839,9,1,0,0
840,0,1,0,0
840,1,1,0,0
840,2,1,0,0
840,3,1,0,0
840,4,1,0,0
840,5,1,0,0
840,6,1,0,0
840,7,1,0,0
840,8,1,0,1
841,0,1,0,0
841,1,1,0,0
841,2,1,0,0
841,3,1,0,0
841,4,1,0,1
842,0,1,1,0
842,1,1,0,0
842,2,1,0,0
842,3,1,0,0
842,4,1,0,0
842,5,1,0,0
842,6,1,0,0
842,7,1,0,0
842,8,1,0,0
842,9,1,0,0
843,0,1,0,0
843,1,1,0,0
843,2,1,0,1
844,0,0,0,0
844,1,1,0,0
844,2,1,0,1
845,0,0,0,0
845,1,0,1,0
845,2,0,0,1
846,0,1,0,0
846,1,1,0,0
846,2,1,0,0
846,3,1,0,1
847,0,0,0,0
847,1,0,0,0
847,2,0,0,1
848,0,1,1,0
848,1,1,0,0
848,2,1,0,0
848,3,1,0,0
848,4,1,0,0
848,5,1,0,0
848,6,1,0,0
848,7,1,0,0
848,8,1,0,0
848,9,1,0,0
849,0,1,0,0
849,1,1,0,0
849,2,1,0,0
849,3,1,0,0
849,4,1,0,0
849,5,1,0,0
849,6,1,0,0
849,7,1,0,0
849,8,1,0,0
849,9,1,0,0
850,0,0,1,0
850,1,0,0,0
850,2,0,0,1
851,0,1,1,0
851,1,1,0,0
851,2,1,0,0
851,3,1,0,0
851,4,1,0,0
851,5,1,0,0
851,6,1,0,0
851,7,1,0,0
851,8,1,0,1
852,0,1,0,0
852,1,1,0,0
852,2,1,0,0
852,3,1,0,0
852,4,1,0,0
852,5,1,0,0
852,6,1,0,0
852,7,1,0,0
852,8,1,0,0
852,9,1,0,0
853,0,1,1,0
853,1,1,0,0
853,2,1,1,0
853,3,1,0,0
853,4,1,0,0
853,5,1,0,0
853,6,1,0,0
853,7,1,0,0
853,8,1,0,0
853,9,1,0,0
854,0,0,1,1
855,0,0,0,1
856,0,0,1,0
856,1,1,0,0
856,2,1,0,0
856,3,1,0,0
856,4,1,0,0
856,5,1,0,0
856,6,1,0,0
856,7,1,0,0
856,8,1,0,0
856,9,1,0,0
857,0,0,1,0
857,1,0,0,1
858,0,0,0,1
859,0,0,0,1
860,0,1,0,0
860,1,1,0,0
860,2,1,0,0
860,3,1,0,1
861,0,1,0,0
861,1,1,0,0
861,2,1,1,0
861,3,1,0,0
861,4,1,0,0
861,5,1,0,0
861,6,1,0,0
861,7,1,0,0
861,8,1,0,0
861,9,1,0,0
862,0,0,0,1
863,0,0,1,0
863,1,0,0,0
863,2,1,0,0
863,3,1,0,0
863,4,1,0,0
863,5,1,0,0
863,6,1,0,0
863,7,1,0,0
863,8,1,0,0
863,9,1,0,0
864,0,1,1,0
864,1,1,0,0
864,2,1,1,0
864,3,1,0,0
864,4,1,0,0
864,5,1,0,0
864,6,1,0,0
864,7,1,0,0
864,8,1,0,0
864,9,1,0,0
865,0,1,0,0
865,1,1,0,0
865,2,1,0,0
865,3,1,0,1
866,0,1,1,0
866,1,1,0,0
866,2,1,0,0
866,3,1,0,0
866,4,1,0,0
866,5,1,0,0
866,6,1,0,0
866,7,1,0,0
866,8,1,0,0
866,9,1,0,0
867,0,0,1,0
867,1,0,0,0
867,2,0,0,0
867,3,0,0,0
867,4,0,0,0
867,5,0,0,1
868,0,1,1,0
868,1,1,0,0
868,2,1,0,0
868,3,1,0,0
868,4,1,0,0
868,5,1,0,0
868,6,1,0,0
868,7,1,0,0
868,8,1,0,0
868,9,1,0,0
869,0,1,0,0
869,1,1,0,0
869,2,1,0,0
869,3,1,0,0
869,4,1,0,0
869,5,1,0,0
869,6,1,0,0
869,7,1,0,0
869,8,1,0,0
869,9,1,0,0
870,0,1,0,0
870,1,1,0,0
870,2,1,0,0
870,3,1,0,0
870,4,1,0,0
870,5,1,0,0
870,6,1,0,0
870,7,1,0,0
870,8,1,0,0
870,9,1,0,0
871,0,0,1,0
871,1,0,0,0
871,2,1,0,0
871,3,1,0,0
871,4,1,0,0
871,5,1,0,0
871,6,1,0,0
871,7,1,0,0
871,8,1,0,0
871,9,1,0,0
872,0,0,0,0
872,1,1,0,0
872,2,1,0,0
872,3,1,0,0
872,4,1,0,0
872,5,1,0,0
872,6,1,0,0
872,7,1,0,0
872,8,1,0,0
872,9,1,0,0
873,0,0,1,1
874,0,1,0,0
874,1,1,0,0
874,2,1,0,0
874,3,1,0,0
874,4,1,0,0
874,5,1,0,0
874,6,1,0,0
874,7,1,0,0
874,8,1,0,0
874,9,1,0,0
875,0,0,1,1
876,0,1,1,0
876,1,1,0,0
876,2,1,0,0
876,3,1,0,0
876,4,1,0,0
876,5,1,0,0
876,6,1,0,0
876,7,1,0,0
876,8,1,0,0
876,9,1,0,0
877,0,0,1,0
877,1,0,0,1
878,0,0,1,0
878,1,0,0,1
879,0,0,1,0
879,1,1,1,1
880,0,0,1,1
881,0,0,0,1
882,0,1,0,0
882,1,1,0,0
882,2,1,0,0
882,3,1,0,0
882,4,1,0,0
882,5,1,0,0
882,6,1,0,0
882,7,1,0,0
882,8,1,0,0
882,9,1,0,0
883,0,1,0,0
883,1,1,0,0
883,2,1,0,0
883,3,1,0,0
883,4,1,0,0
883,5,1,0,0
883,6,1,0,0
883,7,1,0,0
883,8,1,0,0
883,9,1,0,0
884,0,1,0,0
884,1,1,0,1
885,0,0,1,0
885,1,0,0,1
886,0,1,0,0
886,1,1,1,0
886,2,1,0,0
886,3,1,0,0
886,4,1,0,0
886,5,1,0,0
886,6,1,0,0
886,7,1,0,0
886,8,1,0,0
886,9,1,0,0
887,0,1,0,0
887,1,1,0,0
887,2,1,0,0
887,3,1,1,0
887,4,1,0,0
887,5,1,0,0
887,6,1,0,0
887,7,1,0,0
887,8,1,0,0
887,9,1,0,0
888,0,0,0,1
889,0,1,0,0
889,1,1,0,0
889,2,1,0,0
889,3,1,0,0
889,4,1,0,0
889,5,1,0,0
889,6,1,0,1
890,0,1,0,0
890,1,1,0,0
890,2,1,0,0
890,3,1,0,0
890,4,1,0,0
890,5,1,0,0
890,6,1,0,0
890,7,1,0,0
890,8,1,0,0
890,9,1,0,0
891,0,0,0,0
891,1,0,1,0
891,2,0,0,0
891,3,1,0,0
891,4,1,0,0
891,5,1,0,0
891,6,1,0,0
891,7,1,0,0
891,8,1,0,0
891,9,1,0,0
892,0,1,0,0
892,1,1,0,0
892,2,1,0,0
892,3,1,0,0
892,4,1,0,0
892,5,1,0,0
892,6,1,0,0
892,7,1,0,0
892,8,1,0,0
892,9,1,0,0
893,0,1,0,0
893,1,1,0,0
893,2,1,0,0
893,3,1,0,0
893,4,1,0,0
893,5,1,0,0
893,6,1,0,0
893,7,1,0,0
893,8,1,0,0
893,9,1,0,1
894,0,1,0,0
894,1,1,0,0
894,2,1,0,0
894,3,1,0,1
895,0,1,1,0
895,1,1,0,0
895,2,1,0,0
895,3,1,0,0
895,4,1,0,0
895,5,1,0,0
895,6,1,0,0
895,7,1,0,0
895,8,1,0,0
895,9,1,0,0
896,0,1,0,0
896,1,1,1,1
897,0,0,1,0
897,1,0,0,1
898,0,1,1,0
898,1,1,0,0
898,2,1,0,0
898,3,1,0,0
898,4,1,0,0
898,5,1,0,0
898,6,1,0,0
898,7,1,0,1
899,0,0,0,1
900,0,0,1,0
900,1,0,0,1
901,0,0,0,1
902,0,1,0,0
902,1,1,0,0
902,2,1,0,0
902,3,1,0,0
902,4,1,0,0
902,5,1,0,0
902,6,1,0,0
902,7,1,0,0
902,8,1,0,0
902,9,1,0,0
903,0,0,0,1
904,0,0,0,0
904,1,1,0,0
904,2,1,0,0
904,3,1,0,0
904,4,1,0,0
904,5,1,0,0
904,6,1,0,0
904,7,1,0,0
904,8,1,0,0
904,9,1,0,0
905,0,1,0,0
905,1,1,1,0
905,2,1,0,0
905,3,1,0,0
905,4,1,0,0
905,5,1,0,0
905,6,1,0,0
905,7,1,0,0
905,8,1,0,0
905,9,1,0,0
906,0,0,0,1
907,0,1,1,0
907,1,1,0,0
907,2,1,0,0
907,3,1,0,0
907,4,1,0,0
907,5,1,0,0
907,6,1,0,0
907,7,1,0,0
907,8,1,0,0
907,9,1,0,0
908,0,1,1,0
908,1,1,0,0
908,2,1,0,0
908,3,1,0,0
908,4,1,0,0
908,5,1,0,0
908,6,1,0,0
908,7,1,0,0
908,8,1,0,1
909,0,0,1,0
909,1,1,0,0
909,2,1,0,0
909,3,1,0,0
909,4,1,0,0
909,5,1,0,0
909,6,1,0,0
909,7,1,0,0
909,8,1,0,0
909,9,1,0,0
910,0,1,1,0
910,1,1,0,0
910,2,1,0,0
910,3,1,0,1
911,0,0,1,1
912,0,0,0,0
912,1,0,0,1
913,0,1,1,0
913,1,1,0,0
913,2,1,0,0
913,3,1,0,0
913,4,1,0,0
913,5,1,0,0
913,6,1,0,0
913,7,1,0,0
913,8,1,0,0
913,9,1,0,0
914,0,1,0,0
914,1,1,0,0
914,2,1,0,0
914,3,1,0,0
914,4,1,0,0
914,5,1,0,0
914,6,1,0,0
914,7,1,0,1
915,0,1,0,0
915,1,1,0,0
915,2,1,0,0
915,3,1,0,0
915,4,1,0,0
915,5,1,0,0
915,6,1,0,0
915,7,1,0,0
915,8,1,0,0
915,9,1,0,0
916,0,1,0,0
916,1,1,0,0
916,2,1,0,0
916,3,1,0,0
916,4,1,0,0
916,5,1,0,0
916,6,1,0,0
916,7,1,0,0
916,8,1,0,1
917,0,1,0,0
917,1,1,0,0
917,2,1,0,0
917,3,1,0,0
917,4,1,0,0
917,5,1,0,0
917,6,1,0,0
917,7,1,0,0
917,8,1,0,0
917,9,1,0,0
918,0,0,0,0
918,1,0,0,1
919,0,0,1,0
919,1,0,0,0
919,2,0,0,0
919,3,0,0,0
919,4,1,0,0
919,5,1,0,0
919,6,1,0,0
919,7,1,0,0
919,8,1,0,0
919,9,1,0,0
920,0,0,1,1
921,0,1,0,0
921,1,1,1,0
921,2,1,0,0
921,3,1,0,0
921,4,1,0,0
921,5,1,0,0
921,6,1,0,0
921,7,1,0,0
921,8,1,0,0
921,9,1,0,0
922,0,1,0,0
922,1,1,0,0
922,2,1,0,0
922,3,1,0,0
922,4,1,0,0
922,5,1,0,0
922,6,1,0,0
922,7,1,0,0
922,8,1,0,0
922,9,1,0,0
923,0,1,0,0
923,1,1,0,0
923,2,1,0,0
923,3,1,0,0
923,4,1,0,0
923,5,1,0,0
923,6,1,0,0
923,7,1,0,0
923,8,1,0,0
923,9,1,0,0
924,0,1,0,0
924,1,1,1,0
924,2,1,0,1
925,0,0,1,0
925,1,0,1,0
925,2,0,0,1
926,0,1,0,0
926,1,1,1,0
926,2,1,0,0
926,3,1,0,0
926,4,1,0,0
926,5,1,0,0
926,6,1,0,0
926,7,1,0,0
926,8,1,0,0
926,9,1,0,0
927,0,0,0,0
927,1,0,1,0
927,2,0,0,0
927,3,0,0,0
927,4,1,0,0
927,5,1,0,0
927,6,1,0,0
927,7,1,0,0
927,8,1,0,0
927,9,1,0,0
928,0,1,0,0
928,1,1,0,0
928,2,1,0,1
929,0,1,0,0
929,1,1,0,0
929,2,1,0,0
929,3,1,0,0
929,4,1,0,0
929,5,1,0,0
929,6,1,0,0
929,7,1,0,0
929,8,1,0,0
929,9,1,0,0
930,0,1,1,0
930,1,1,1,0
930,2,1,0,0
930,3,1,0,0
930,4,1,0,0
930,5,1,0,1
931,0,1,0,0
931,1,1,0,0
931,2,1,0,0
931,3,1,0,0
931,4,1,0,0
931,5,1,0,0
931,6,1,0,0
931,7,1,0,0
931,8,1,0,0
931,9,1,0,0
932,0,0,0,1
933,0,1,1,0
933,1,1,1,0
933,2,1,0,1
934,0,0,1,0
934,1,0,0,1
935,0,0,1,0
935,1,0,1,0
935,2,0,0,1
936,0,1,0,0
936,1,1,0,0
936,2,1,0,0
936,3,1,0,0
936,4,1,0,0
936,5,1,0,0
936,6,1,0,0
936,7,1,0,0
936,8,1,0,0
936,9,1,0,0
937,0,1,0,0
937,1,1,0,0
937,2,1,0,0
937,3,1,0,0
937,4,1,0,0
937,5,1,0,0
937,6,1,0,0
937,7,1,0,0
937,8,1,0,0
937,9,1,0,0
938,0,0,1,0
938,1,1,0,0
938,2,1,0,0
938,3,1,0,0
938,4,1,0,0
938,5,1,0,0
938,6,1,0,0
938,7,1,0,0
938,8,1,0,0
938,9,1,0,0
939,0,1,0,0
939,1,1,0,0
939,2,1,0,0
939,3,1,0,0
939,4,1,0,0
939,5,1,0,0
939,6,1,0,0
939,7,1,0,0
939,8,1,0,0
939,9,1,0,1
940,0,1,0,1
941,0,1,0,0
941,1,1,0,0
941,2,1,0,0
941,3,1,0,1
942,0,0,0,1
943,0,1,0,0
943,1,1,0,0
943,2,1,0,0
943,3,1,0,0
943,4,1,0,0
943,5,1,0,0
943,6,1,0,0
943,7,1,0,0
943,8,1,0,0
943,9,1,0,0
944,0,0,0,1
945,0,1,1,0
945,1,1,0,0
945,2,1,0,0
945,3,1,0,0
945,4,1,0,0
945,5,1,0,0
945,6,1,0,0
945,7,1,0,0
945,8,1,0,0
945,9,1,0,0
946,0,1,1,0
946,1,1,0,0
946,2,1,0,0
946,3,1,0,0
946,4,1,0,0
946,5,1,0,0
946,6,1,0,0
946,7,1,0,0
946,8,1,0,0
946,9,1,0,0
947,0,1,1,0
947,1,1,0,0
947,2,1,0,0
947,3,1,0,0
947,4,1,0,1
948,0,0,1,0
948,1,0,0,1
949,0,0,0,1
950,0,1,0,0
950,1,1,1,0
950,2,1,0,0
950,3,1,0,0
950,4,1,0,0
950,5,1,0,0
950,6,1,0,0
950,7,1,0,0
950,8,1,0,0
950,9,1,0,0
951,0,1,0,0
951,1,1,0,0
951,2,1,0,0
951,3,1,0,0
951,4,1,0,0
951,5,1,0,0
951,6,1,0,0
951,7,1,0,0
951,8,1,0,0
951,9,1,0,0
952,0,1,1,0
952,1,1,0,0
952,2,1,0,0
952,3,1,0,0
952,4,1,0,0
952,5,1,0,0
952,6,1,0,0
952,7,1,0,0
952,8,1,0,0
952,9,1,0,0
953,0,0,0,1
954,0,0,0,1
955,0,1,0,0
955,1,1,0,0
955,2,1,0,0
955,3,1,0,0
955,4,1,0,0
955,5,1,0,0
955,6,1,0,0
955,7,1,0,0
955,8,1,0,0
955,9,1,0,0
956,0,0,1,0
956,1,1,0,0
956,2,1,0,0
956,3,1,0,0
956,4,1,0,0
956,5,1,0,0
956,6,1,0,0
956,7,1,0,0
956,8,1,0,0
956,9,1,0,0
957,0,1,0,1
958,0,0,0,1
959,0,0,0,0
959,1,1,0,0
959,2,1,0,0
959,3,1,0,0
959,4,1,0,1
960,0,1,0,0
960,1,1,0,0
960,2,1,0,0
960,3,1,0,0
960,4,1,0,0
960,5,1,0,0
960,6,1,0,0
960,7,1,0,1
961,0,1,1,0
961,1,1,0,0
961,2,1,0,0
961,3,1,0,0
961,4,1,0,0
961,5,1,0,0
961,6,1,0,0
961,7,1,0,0
961,8,1,0,1
962,0,0,1,1
963,0,0,1,1
964,0,1,1,0
964,1,1,0,0
964,2,1,0,0
964,3,1,0,0
964,4,1,0,0
964,5,1,0,0
964,6,1,0,0
964,7,1,0,0
964,8,1,0,1
965,0,1,0,1
966,0,1,0,0
966,1,1,0,1
967,0,0,0,0
967,1,0,1,0
967,2,0,0,1
968,0,0,0,1
969,0,1,0,0
969,1,1,0,0
969,2,1,0,0
969,3,1,0,0
969,4,1,0,0
969,5,1,0,0
969,6,1,0,0
969,7,1,0,0
969,8,1,0,0
969,9,1,0,0
970,0,0,0,1
971,0,1,0,0
971,1,1,0,0
971,2,1,0,0
971,3,1,0,0
971,4,1,0,0
971,5,1,0,0
971,6,1,0,0
971,7,1,0,0
971,8,1,0,0
971,9,1,0,0
972,0,0,0,0
972,1,0,1,0
972,2,0,0,0
972,3,1,0,0
972,4,1,0,0
972,5,1,0,0
972,6,1,0,0
972,7,1,0,0
972,8,1,0,0
972,9,1,0,0
973,0,1,0,0
973,1,1,0,0
973,2,1,0,0
973,3,1,0,0
973,4,1,0,0
973,5,1,0,0
973,6,1,0,0
973,7,1,0,0
973,8,1,0,0
973,9,1,0,0
974,0,0,1,0
974,1,0,1,0
974,2,0,0,1
975,0,0,0,1
976,0,1,0,0
976,1,1,0,0
976,2,1,0,1
977,0,1,0,0
977,1,1,0,0
977,2,1,0,0
977,3,1,0,0
977,4,1,0,0
977,5,1,0,0
977,6,1,0,0
977,7,1,0,0
977,8,1,0,0
977,9,1,0,0
978,0,1,0,0
978,1,1,0,0
978,2,1,0,0
978,3,1,0,0
978,4,1,0,0
978,5,1,0,0
978,6,1,0,0
978,7,1,0,0
978,8,1,0,0
978,9,1,0,0
979,0,1,0,0
979,1,1,0,0
979,2,1,0,0
979,3,1,0,0
979,4,1,0,0
979,5,1,0,0
979,6,1,0,0
979,7,1,0,1
980,0,1,0,0
980,1,1,1,0
980,2,1,0,0
980,3,1,0,0
980,4,1,0,0
980,5,1,0,0
980,6,1,0,0
980,7,1,0,0
980,8,1,0,0
980,9,1,0,0
981,0,0,1,0
981,1,0,0,1
982,0,1,0,0
982,1,1,0,0
982,2,1,0,0
982,3,1,0,0
982,4,1,0,0
982,5,1,0,0
982,6,1,0,0
982,7,1,0,0
982,8,1,0,0
982,9,1,0,0
983,0,1,0,0
983,1,1,0,0
983,2,1,0,0
983,3,1,0,0
983,4,1,0,0
983,5,1,0,0
983,6,1,0,0
983,7,1,0,0
983,8,1,0,0
983,9,1,0,0
984,0,1,0,0
984,1,1,1,0
984,2,1,0,0
984,3,1,0,0
984,4,1,0,0
984,5,1,0,0
984,6,1,0,0
984,7,1,0,0
984,8,1,0,0
984,9,1,0,0
985,0,1,0,0
985,1,1,0,0
985,2,1,0,0
985,3,1,0,0
985,4,1,0,0
985,5,1,0,1
986,0,1,0,0
986,1,1,0,0
986,2,1,0,0
986,3,1,0,0
986,4,1,0,0
986,5,1,0,0
986,6,1,0,0
986,7,1,0,0
986,8,1,0,0
986,9,1,0,0
987,0,1,0,0
987,1,1,0,0
987,2,1,0,0
987,3,1,0,0
987,4,1,0,0
987,5,1,0,0
987,6,1,0,0
987,7,1,0,0
987,8,1,0,0
987,9,1,0,0
988,0,0,1,0
988,1,0,0,1
989,0,1,0,0
989,1,1,0,0
989,2,1,0,1
990,0,1,0,0
990,1,1,0,1
991,0,1,0,0
991,1,1,0,1
992,0,1,1,0
992,1,1,0,0
992,2,1,0,0
992,3,1,0,0
992,4,1,0,0
992,5,1,0,0
992,6,1,0,0
992,7,1,0,0
992,8,1,0,0
992,9,1,0,0
993,0,0,1,0
993,1,1,0,1
994,0,0,0,0
994,1,1,0,0
994,2,1,0,0
994,3,1,0,0
994,4,1,0,0
994,5,1,0,0
994,6,1,0,0
994,7,1,0,0
994,8,1,0,0
994,9,1,0,0
995,0,1,0,0
995,1,1,0,0
995,2,1,0,0
995,3,1,0,0
995,4,1,0,0
995,5,1,0,0
995,6,1,0,0
995,7,1,0,0
995,8,1,0,0
995,9,1,0,0
996,0,0,0,0
996,1,1,1,0
996,2,1,0,0
996,3,1,0,0
996,4,1,0,0
996,5,1,0,0
996,6,1,0,0
996,7,1,0,0
996,8,1,0,0
996,9,1,0,0
997,0,1,1,1
998,0,0,1,0
998,1,0,0,0
998,2,1,0,0
998,3,1,0,1
999,0,0,0,0
999,1,0,1,0
999,2,0,0,1
1000,0,1,1,0
1000,1,1,0,0
1000,2,1,0,0
1000,3,1,0,0
1000,4,1,0,0
1000,5,1,0,0
1000,6,1,0,0
1000,7,1,0,0
1000,8,1,0,0
1000,9,1,0,0
