id,t0,L1,L2,A,Y
0,0,0,-1.033631297,-1.053846304,0
0,1,1,-2.883601652,-7.245495443,1
1,0,1,-0.33060682,-1.224149684,1
2,0,1,-0.869247058,-2.026002067,1
3,0,1,-0.304260183,-1.177689864,1
4,0,0,0.604308742,1.117110372,0
4,1,0,-0.088497209,0.343548566,0
4,2,1,-1.356222896,-3.855916969,1
5,0,1,-0.97456841,-2.594633117,1
6,0,0,0.913951642,2.672463905,0
6,1,0,-0.58246978,-0.823008445,0
6,2,0,0.382432478,1.765237229,0
6,3,1,-2.183123958,-4.909304057,1
7,0,0,-0.471272419,-1.551895574,1
8,0,0,0.347693632,0.417974171,0
8,1,0,0.016338263,-0.145404132,1
9,0,0,-0.198133522,-0.389074315,0
9,1,0,0.287178843,0.672624541,0
9,2,1,-1.658377479,-4.639438244,1
10,0,1,-1.162547548,-3.428307642,1
11,0,1,-0.027661543,-0.737433733,1
12,0,1,1.142832899,1.648093145,0
12,1,0,2.206509319,4.443939728,0
12,2,0,0.41642179,0.946260424,0
12,3,0,0.072021956,-0.542575958,1
13,0,1,-0.771878236,-3.171919504,1
14,0,1,1.033710194,1.53837185,1
15,0,1,-1.586721315,-3.796826978,1
16,0,0,-0.57739511,-1.048182889,0
16,1,0,0.311882005,0.76255278,0
16,2,0,-0.148183296,-0.775813441,0
16,3,0,-0.475484863,-0.893940029,0
16,4,1,-2.107471639,-5.778678144,1
17,0,1,-1.192185003,-2.975047879,1
18,0,1,0.694726515,0.764533334,1
19,0,1,-1.366119796,-3.575659391,1
20,0,1,0.186062417,0.02921591,1
21,0,1,0.073322238,-0.667613419,1
22,0,0,-0.313780833,-0.422639973,0
22,1,0,0.172743046,0.663644117,0
22,2,1,-1.311404483,-3.634301351,1
23,0,0,-0.085412737,-0.317270069,0
23,1,0,0.591192341,0.491763557,0
23,2,0,-0.060002316,0.068458547,0
23,3,1,-1.99628342,-5.028948766,1
24,0,1,0.2965887,0.035954164,0
24,1,1,-1.239557711,-3.717431747,1
25,0,0,0.057283416,0.920305059,0
25,1,1,-2.40789203,-6.859824198,1
26,0,0,-0.01391407,-0.001263142,0
26,1,1,-2.178325756,-4.921671147,1
27,0,0,-0.659969574,-1.662445963,1
28,0,0,1.243768695,2.854410828,0
28,1,0,0.040636645,-0.64323964,1
29,0,1,-0.887538967,-2.664302097,1
30,0,0,-0.238339924,-0.446389281,1
31,0,0,0.376915643,1.524588763,0
31,1,1,-2.373747884,-5.484399657,1
32,0,1,2.067671319,3.579668588,0
32,1,1,0.556827096,0.299230797,0
32,2,1,0.299134959,-0.446387524,1
33,0,0,-2.448320276,-4.685713782,1
34,0,1,-0.518716954,-1.925463855,1
35,0,0,0.251586532,-0.123491244,0
35,1,1,-1.348906926,-3.676915592,1
36,0,1,-0.952880356,-3.341182406,1
37,0,1,1.015690971,0.222103243,0
37,1,1,-0.271626712,-1.860701276,0
37,2,1,-0.140802095,-0.006720995,0
37,3,1,-0.415664438,-1.83104468,1
38,0,1,-0.273608932,-1.685612901,1
39,0,1,0.415589509,-0.019541292,1
40,0,1,1.629996187,2.671830477,0
40,1,0,0.886538397,1.98601313,1
41,0,0,0.935772535,1.750848746,0
41,1,1,-1.49539249,-3.810985593,1
42,0,1,-1.459427109,-3.869819964,1
43,0,0,0.424054588,0.507963876,1
44,0,1,-0.390355061,-1.803255514,1
45,0,1,0.45391702,-0.674170997,1
46,0,0,-0.615818519,-1.102638868,1
47,0,1,0.964538392,0.652279303,1
48,0,0,-1.670195701,-4.374457277,1
49,0,1,0.539428692,0.842238195,0
49,1,1,0.051833946,-1.642821733,1
50,0,0,-0.931162827,-1.836473696,0
50,1,1,-2.328290416,-5.650590498,1
51,0,0,0.749475703,1.461628362,0
51,1,0,0.208315789,0.55102178,0
51,2,1,-1.605665888,-5.038972823,1
52,0,0,0.044778723,-0.433164153,0
52,1,0,-0.36390788,-0.298318786,1
53,0,1,0.361974331,-0.168074386,1
54,0,0,0.717993356,1.556118297,0
54,1,0,0.077289289,0.693000554,0
54,2,0,-0.011907539,-0.068486112,0
54,3,1,-1.480839595,-3.572082478,1
55,0,0,0.686624171,1.005146445,0
55,1,0,0.505646328,0.447919825,0
55,2,1,-1.490296421,-4.424184996,1
56,0,0,0.066082805,0.556752862,0
56,1,0,-0.603701772,-1.813756062,0
56,2,0,0.168208967,1.251434623,0
56,3,1,-1.94503243,-4.856606403,1
57,0,0,-0.232388994,-0.968554402,1
58,0,0,-0.110240962,0.584006454,0
58,1,0,-0.056697508,-0.28017414,0
58,2,0,-0.618947365,-0.585710253,0
58,3,0,-0.130773269,-0.324272143,1
59,0,0,0.826261656,1.810698956,0
59,1,1,-1.131120377,-3.22890092,1
60,0,1,-1.278464068,-3.602795448,1
61,0,0,-0.447818514,-1.044547774,0
61,1,0,-0.432713176,-0.612841415,0
61,2,1,-1.594497521,-4.725116506,1
62,0,1,0.537277646,0.488965739,0
62,1,1,-0.620799537,-1.609980812,1
63,0,1,-0.302272812,-2.219535963,1
64,0,0,-0.155896516,-0.798803559,0
64,1,1,-2.198960394,-6.068351383,1
65,0,1,-0.379050877,-1.178939313,1
66,0,0,-0.439476395,-1.410774732,0
66,1,1,-2.986247609,-7.651182875,1
67,0,0,0.936363348,2.256523171,0
67,1,1,-1.874870466,-4.926657564,1
68,0,1,-0.469776107,-1.433860897,1
69,0,1,0.365771719,0.882119034,0
69,1,0,1.000990779,1.390338528,0
69,2,0,1.330035469,3.288683038,0
69,3,1,-1.886467359,-4.505773609,1
70,0,0,-1.029248344,-1.842561565,1
71,0,0,-0.01689881,-0.101704216,0
71,1,1,-0.892306679,-2.003382493,1
72,0,1,1.173372154,1.499462431,1
73,0,0,0.368198219,0.679260726,0
73,1,0,0.140087311,-0.326292303,0
73,2,1,-2.038236448,-5.40789162,1
74,0,1,-0.932333387,-2.482357377,1
75,0,0,-0.043943552,-0.091904409,0
75,1,1,-1.463351672,-4.242367446,1
76,0,0,1.109125031,2.019282461,0
76,1,0,0.98699549,1.854528996,0
76,2,1,-1.661814749,-3.809296672,1
77,0,0,0.871736549,0.896347681,0
77,1,1,-2.020044001,-4.346633806,1
78,0,0,0.010007075,-0.349927393,1
79,0,0,-0.669830464,-1.286805879,0
79,1,0,-0.325360424,-0.207344144,0
79,2,1,-3.43576165,-7.838832005,1
80,0,0,-1.448641541,-3.256458123,1
81,0,0,2.294769595,4.435264058,0
81,1,0,1.402637727,2.290291537,0
81,2,0,0.150884588,0.548128708,0
81,3,1,-2.044812657,-4.777051139,1
82,0,1,0.988378535,1.42250622,1
83,0,0,0.032445406,0.028966537,0
83,1,1,-1.339828898,-5.20903258,1
84,0,0,-0.408773721,-0.646548721,1
85,0,1,0.867487709,0.734891826,0
85,1,1,-0.739077959,-1.637857554,1
86,0,0,0.558641428,1.174889191,0
86,1,1,-1.362755254,-2.605936473,1
87,0,1,0.124029098,-0.496221534,1
88,0,1,1.390941845,0.992096236,0
88,1,1,-0.071631449,-1.831258524,1
89,0,1,0.138189342,-1.121568231,1
90,0,1,-1.313908093,-4.469077335,1
91,0,0,-0.239498146,0.566858444,0
91,1,0,-0.220979365,-0.172123072,0
91,2,1,-1.977227347,-4.93262025,1
92,0,0,0.409830716,1.034814471,0
92,1,1,-2.494273398,-5.400969786,1
93,0,0,-0.159465248,-0.227230958,0
93,1,1,-1.605686202,-4.97586096,1
94,0,1,-0.393819506,-0.709149433,1
95,0,1,-0.071212257,-1.190887502,1
96,0,1,0.0637885,-0.863933687,1
97,0,1,-0.407270483,-2.319550577,1
98,0,0,0.829639822,1.354451715,0
98,1,0,-0.548297096,-0.320203624,1
99,0,0,-0.931749401,-2.162318634,1
100,0,0,0.33021314,0.383019298,0
100,1,1,-1.466658554,-4.117279642,1
101,0,0,1.085079924,3.622885154,0
101,1,0,-0.083516338,-1.012286114,0
101,2,0,0.371242935,0.910294212,0
101,3,0,0.452086996,0.703352369,0
101,4,1,-1.349848217,-3.236540876,1
102,0,0,0.201420963,1.191489603,0
102,1,1,-1.568347522,-4.199166556,1
103,0,1,0.88563059,0.550410105,0
103,1,1,0.609477009,0.292378123,1
104,0,0,0.454473928,1.352111841,0
104,1,0,0.523985651,0.970859198,0
104,2,0,-0.06305536,-0.085258958,1
105,0,1,1.067678441,0.863752508,1
106,0,1,0.904721885,0.911549618,0
106,1,1,0.152367481,-0.2323645,1
107,0,0,0.119761698,0.497823578,0
107,1,0,-0.758172299,-1.118512888,0
107,2,0,0.20845959,0.535506083,0
107,3,1,-0.828599756,-2.192720825,1
108,0,1,0.506702831,0.654242167,0
108,1,1,-0.679182177,-2.597010714,1
109,0,0,0.231515555,0.16639022,0
109,1,0,-0.422812502,-1.303925464,0
109,2,1,-1.799798377,-4.7562294,1
110,0,1,0.102556578,-0.53743427,1
111,0,1,-1.140451564,-4.173137993,1
112,0,1,0.382602855,-0.855859099,0
112,1,1,-0.077151877,-0.666884531,1
113,0,0,0.549746422,1.315776982,0
113,1,0,0.046481134,0.750850494,0
113,2,0,0.5041513,1.072939339,0
113,3,1,-2.125748022,-4.399148779,1
114,0,0,-0.423257404,-0.818018109,0
114,1,0,-0.792456684,-2.263934223,0
114,2,1,-2.289626302,-6.128995364,1
115,0,0,0.027455376,0.440362204,0
115,1,1,-2.095948429,-4.402470987,1
116,0,0,-0.591020307,-1.485657874,1
117,0,0,-0.13574067,0.148888831,0
117,1,1,-2.075183589,-5.427941175,1
118,0,0,1.850050516,3.783863484,0
118,1,1,-1.236716498,-3.241460662,1
119,0,0,-1.199238463,-2.360395336,1
120,0,0,0.352905375,0.689037946,0
120,1,0,0.37056171,1.306349686,0
120,2,0,0.463796636,1.023523403,0
120,3,0,-0.382425641,-0.28168171,0
120,4,0,-0.472333761,-0.613973311,0
121,0,0,0.744401824,1.408014882,0
121,1,0,0.691738602,0.275202353,1
122,0,0,0.208826089,-0.125710178,0
122,1,0,0.220708356,0.690793587,0
122,2,0,-0.939139799,-1.919431513,1
123,0,1,-0.827253659,-2.953027315,1
124,0,1,0.002381991,-0.653512323,1
125,0,0,0.382800263,0.373470275,0
125,1,0,1.849097546,3.734354921,0
125,2,0,0.887777509,0.289208306,0
125,3,1,-1.6906464,-4.411550324,1
126,0,1,1.713756447,2.122900818,0
126,1,1,-1.173277984,-3.037836107,1
127,0,1,-0.805972434,-2.404159168,1
128,0,0,1.121886236,2.135750739,0
128,1,0,1.469001257,2.852225262,0
128,2,1,-1.933734327,-5.621005418,1
129,0,0,-0.959237497,-1.95807622,1
130,0,0,0.955001564,1.847251088,0
130,1,0,-0.069333219,0.426640983,0
130,2,0,-0.845744074,-1.38099877,0
130,3,0,-0.397628553,-0.316511737,0
130,4,1,-2.652008879,-6.776133725,1
131,0,0,-0.459142299,-0.945018002,0
131,1,0,0.14812034,0.028615308,1
132,0,0,1.325110644,2.809119633,0
132,1,1,-0.997033354,-3.6315729,1
133,0,1,-0.526682514,-1.790851272,1
134,0,1,2.485519046,3.504376574,0
134,1,1,0.448735883,0.399170237,0
134,2,1,-0.266015055,-1.74896913,1
135,0,0,-0.758462133,-1.227415237,0
135,1,0,0.334230101,1.422980817,0
135,2,0,1.13790942,2.233782111,0
135,3,1,-1.329692058,-4.577511636,1
136,0,0,0.702926595,1.080589205,0
136,1,1,-1.682754684,-4.052247301,1
137,0,1,1.591794152,2.391733675,0
137,1,1,-0.052564175,-0.455654126,1
138,0,0,-1.367709332,-2.4015312,0
138,1,0,0.319183452,0.565632573,0
138,2,0,-0.36530367,-0.013414864,0
138,3,1,-1.675290613,-3.833574542,1
139,0,0,1.167499942,1.415711867,0
139,1,0,0.760831116,1.884987354,0
139,2,0,-0.039169139,0.271909811,0
139,3,1,-2.425356969,-5.25438669,1
140,0,1,0.344196369,0.168783426,0
140,1,1,-0.649500529,-1.570249861,1
141,0,0,-1.356744476,-2.698782457,1
142,0,0,-0.210641532,0.475251887,0
142,1,0,0.251520802,0.701332944,0
142,2,1,-1.766924309,-4.453030052,1
143,0,0,-0.559388061,-0.717848962,0
143,1,0,0.404476027,0.429316764,0
143,2,0,-0.114071462,0.387917739,0
143,3,0,-0.455196683,0.062223339,0
143,4,0,-0.391744136,-0.65781503,0
144,0,1,-0.66780131,-2.527139419,1
145,0,0,2.889170068,5.287967115,0
145,1,0,1.159038242,2.100597165,0
145,2,0,0.688460809,0.506845457,0
145,3,1,-1.919682983,-5.607132827,1
146,0,0,0.353838197,0.537368465,0
146,1,1,-1.827264379,-4.620606492,1
147,0,1,0.114725808,-0.756612387,1
148,0,1,0.679215866,1.360921526,0
148,1,0,1.892089682,3.588215405,0
148,2,0,0.767573904,0.7545726,1
149,0,1,-0.029155052,-0.956650238,1
150,0,1,-1.186410136,-3.286254247,1
151,0,0,0.011963045,-0.055068272,0
151,1,1,-1.792271952,-4.350892886,1
152,0,0,-0.379337248,-0.778732938,0
152,1,1,-2.416266989,-6.536638311,1
153,0,1,-0.72508339,-2.603158594,1
154,0,0,-1.088517865,-2.166349351,1
155,0,0,-0.12264287,0.241804298,0
155,1,0,0.677900372,1.767642012,0
155,2,1,-1.617836264,-3.61975691,1
156,0,1,-1.30670839,-3.986443224,1
157,0,1,-0.903816806,-2.829773682,1
158,0,0,-1.785928471,-3.650868066,1
159,0,1,-1.209753024,-4.329903762,1
160,0,1,0.910484444,0.87540726,1
161,0,0,-0.439427055,-0.848259711,0
161,1,0,-0.262834012,0.112732468,0
161,2,1,-1.509119824,-3.673264231,1
162,0,0,-0.564372812,-0.993918684,0
162,1,1,-2.580742462,-5.558310948,1
163,0,1,-0.097965446,-1.786578819,1
164,0,1,0.490374404,-0.231145307,0
164,1,1,-0.56325715,-2.731982131,1
165,0,0,-1.173358442,-2.230870826,0
165,1,0,0.659507189,1.55158746,0
165,2,1,-1.577230284,-3.911229402,1
166,0,1,0.275309415,-0.925182932,1
167,0,0,0.356767141,-0.5551263,1
168,0,0,2.57128387,4.618163328,0
168,1,0,1.715119954,3.63864672,0
168,2,0,0.70469661,1.114644283,0
168,3,0,-0.03887437,0.097572282,0
168,4,1,-2.958030457,-7.13360313,1
169,0,1,-0.278478157,-1.679781216,1
170,0,0,-1.309391564,-3.234918197,1
171,0,0,-1.138503138,-2.563352347,1
172,0,1,1.136473796,1.186865168,1
173,0,1,0.518748456,0.860796084,0
173,1,1,-0.643814858,-2.220893813,1
174,0,0,-0.64797867,-1.105201431,1
175,0,1,1.298640196,1.339382785,0
175,1,1,-0.016459057,-0.646302072,1
176,0,1,-2.256197506,-5.52908218,1
177,0,1,-0.495427708,-1.532310144,0
177,1,1,-1.262837106,-3.41996279,1
178,0,0,0.825079015,2.080957903,0
178,1,1,-1.039021008,-3.012500627,1
179,0,0,0.715109757,1.499291609,0
179,1,1,-1.823524671,-5.256510428,1
180,0,0,0.063863839,0.869594463,0
180,1,1,-2.621442958,-5.181213603,1
181,0,1,-1.027660999,-3.169525425,1
182,0,1,-0.861083713,-3.218931671,1
183,0,0,0.255850641,0.446727251,0
183,1,1,-1.198849029,-3.155946264,1
184,0,0,-1.16125952,-3.279770905,1
185,0,0,-0.51624301,-1.325824395,1
186,0,1,0.619028272,0.55712133,0
186,1,1,0.12685604,-1.404654737,1
187,0,1,-0.635747771,-2.457089233,1
188,0,0,0.036548792,-0.169967261,0
188,1,1,-2.75304812,-6.795792236,1
189,0,1,1.677345705,1.825715572,0
189,1,1,-0.699618115,-3.024537547,1
190,0,0,-1.181297029,-2.212583523,1
191,0,1,2.232697291,3.524925168,0
191,1,1,0.551395675,0.810983529,0
191,2,1,-0.113452577,-1.703884914,1
192,0,1,-1.384720185,-3.642589841,1
193,0,1,-0.277037033,-1.596449935,1
194,0,0,1.955855257,3.907912998,0
194,1,0,2.346675563,4.597126226,0
194,2,1,-1.406031537,-3.983566111,1
195,0,1,-0.816817688,-2.697194527,1
196,0,1,1.935803139,3.236278197,0
196,1,0,2.375678119,3.9255253,0
196,2,0,1.153652456,1.862694737,0
196,3,1,-0.605414245,-2.430713976,1
197,0,1,0.450719629,-0.752525025,1
198,0,0,-0.341890148,-0.761173425,0
198,1,1,-1.722027901,-3.919063427,1
199,0,0,-0.18094126,-0.411491373,0
199,1,0,-0.090263683,-0.440000044,0
199,2,0,0.302401391,0.006074858,0
199,3,0,1.363036653,1.582627319,1
200,0,1,-0.589606102,-1.654386112,1
201,0,1,-0.626074717,-2.085434015,1
202,0,0,0.831279079,1.852826247,0
202,1,0,0.863419534,1.704674085,0
202,2,0,0.24181778,0.539231355,0
202,3,1,-2.625204241,-6.316511673,1
203,0,0,0.633150385,1.008834966,0
203,1,1,-1.698059632,-4.259063753,1
204,0,1,0.059467078,-0.863936223,1
205,0,1,-0.331899799,-1.93416237,1
206,0,0,-0.39094612,-0.890151964,0
206,1,1,-1.675610517,-4.066389403,1
207,0,0,1.057529852,2.221112851,0
207,1,1,-1.593218847,-5.125144118,1
208,0,1,-1.018616853,-2.467413334,1
209,0,0,-0.618284798,-1.279728832,1
210,0,0,-1.128120093,-2.145028285,1
211,0,0,1.128230879,2.186233055,0
211,1,0,0.562692863,1.464886814,0
211,2,1,-1.680643648,-4.784373231,1
212,0,0,0.426920198,0.34007909,0
212,1,1,-1.477766928,-4.531700937,1
213,0,0,-0.318554629,-0.940374968,0
213,1,1,-2.302800592,-5.154881203,1
214,0,0,1.032594769,1.719233324,0
214,1,1,-0.447645629,-1.343524753,1
215,0,0,0.464330714,0.617136644,0
215,1,0,0.445724808,0.710676612,0
215,2,1,-1.090319737,-3.822260321,1
216,0,1,-0.61479804,-1.352584515,1
217,0,1,-0.812497995,-2.468267881,1
218,0,0,-1.76079091,-3.885499274,1
219,0,0,0.924408653,1.211166538,0
219,1,1,-1.919353918,-3.856429435,1
220,0,1,0.191490512,-0.413176655,0
220,1,0,2.304658456,4.251983427,0
220,2,0,1.098155296,2.541273827,0
220,3,0,0.038750392,0.152826121,0
220,4,0,-0.731217351,-1.689593238,1
221,0,1,0.23314361,-0.162796858,1
222,0,1,-1.053846771,-4.317986873,1
223,0,1,0.272584972,-0.496244474,1
224,0,0,0.692539694,0.945554223,0
224,1,0,0.923966955,1.483906076,0
224,2,1,-1.147629695,-2.670132457,1
225,0,0,0.837957135,2.059601541,0
225,1,0,1.142245305,2.352183157,0
225,2,1,-1.036144375,-3.033686287,1
226,0,1,1.075439432,1.472151252,1
227,0,1,1.090045379,1.281171071,0
227,1,1,0.098150311,-0.864095859,1
228,0,0,-1.540410143,-2.913790768,1
229,0,0,-2.010888033,-3.303286757,1
230,0,0,-0.074286649,0.683433211,0
230,1,0,0.2796851,1.352583278,0
230,2,1,-1.427311086,-4.561433805,1
231,0,1,-1.473019789,-4.293863433,1
232,0,1,-0.108209641,-1.682798348,1
233,0,1,1.193686001,1.481001319,0
233,1,1,0.131828279,-0.968223776,1
234,0,0,-0.697206628,-1.466039371,0
234,1,0,0.073230402,0.611381565,0
234,2,1,-1.283915988,-3.849411977,1
235,0,1,1.005153495,0.664100618,0
235,1,0,1.948884572,3.473083149,0
235,2,1,-2.172596282,-5.015009474,1
236,0,0,0.756086221,0.731175462,0
236,1,0,0.830900227,1.707983988,0
236,2,1,-1.583479539,-3.559365986,1
237,0,0,0.749415265,1.607601001,0
237,1,0,0.546913474,0.944070344,0
237,2,0,0.283996492,-0.157095898,0
237,3,0,-0.480835486,-0.675760234,0
237,4,0,-0.258930114,-0.524197393,0
238,0,1,0.009294912,-0.875046647,1
239,0,0,0.662724572,0.374996004,0
239,1,0,0.71364307,1.374401115,0
239,2,1,-1.487370662,-3.986862075,1
240,0,1,0.391925988,-0.031603018,1
241,0,1,-0.293271034,-1.517972481,1
242,0,0,-0.011329355,0.05139516,0
242,1,1,-1.776990482,-4.556274913,1
243,0,0,-1.125978954,-2.981158269,1
244,0,1,-0.133776337,-0.897991753,1
245,0,0,-1.152894003,-2.421550804,1
246,0,1,1.460734392,1.899390017,0
246,1,1,-0.919100268,-2.507466899,1
247,0,1,0.506639428,0.613933523,0
247,1,1,0.611238786,1.579663331,0
247,2,1,-1.211291139,-2.945434135,1
248,0,1,0.731993024,0.123734812,1
249,0,0,-0.509896498,-0.367650475,0
249,1,1,-2.462928396,-5.491660208,1
250,0,0,-0.072837385,-0.558675712,1
251,0,0,0.296214015,1.130713599,0
251,1,0,-0.609033082,-2.16383177,0
251,2,1,-2.656707238,-6.283470759,1
252,0,0,-1.146222631,-2.762041278,0
252,1,1,-2.85577819,-7.347198551,1
253,0,0,-0.92600992,-2.577548763,1
254,0,0,-0.114375631,-0.136871022,0
254,1,1,-1.224774472,-3.844365748,1
255,0,1,-0.265652523,-1.593159074,1
256,0,1,0.57594117,-0.874839726,1
257,0,1,-0.821896164,-2.707163134,1
258,0,1,1.488750955,2.031813236,0
258,1,1,-0.466630275,-1.490123663,1
259,0,1,-2.429070492,-5.626829366,1
260,0,0,-1.058534798,-1.515019986,0
260,1,1,-2.219332735,-5.121622687,1
261,0,0,0.856287035,1.036475797,0
261,1,0,-0.745744414,-1.983397748,0
261,2,1,-2.6868978,-5.743190003,1
262,0,1,0.337947361,-0.005820753,1
263,0,1,-0.844034159,-2.405543648,1
264,0,1,-1.081582149,-3.53907374,1
265,0,1,1.724270875,2.977202515,0
265,1,0,2.574465022,5.085186059,0
265,2,1,-1.128142859,-3.478070913,1
266,0,0,-0.45024744,-1.398642143,1
267,0,1,1.079802452,1.131725931,0
267,1,0,2.322929349,3.33515601,0
267,2,1,-0.597189687,-3.228079929,1
268,0,1,0.561955003,0.872305821,1
269,0,1,1.317975486,1.942899009,0
269,1,0,1.359298644,2.26980701,0
269,2,0,0.665032798,0.915986365,0
269,3,1,-2.209123571,-4.915405382,1
270,0,1,1.091468924,0.635182508,1
271,0,1,0.236905976,-0.381111542,1
272,0,0,1.021187858,1.34577155,0
272,1,0,0.255497852,0.271103377,1
273,0,1,0.593962551,-0.409864819,1
274,0,1,0.149765817,-0.980731827,1
275,0,0,-1.629372019,-3.556763109,1
276,0,1,-0.525406138,-1.51216779,1
277,0,0,-0.711909032,-1.207207181,0
277,1,0,-0.641046343,-0.953484736,0
277,2,1,-1.758386218,-5.122643971,1
278,0,0,0.354019018,0.715924681,0
278,1,1,-1.00964743,-4.054448775,1
279,0,0,1.600044286,4.141226017,0
279,1,0,0.322986407,0.196996016,0
279,2,1,-2.105480073,-4.502976416,1
280,0,1,-0.397285486,-1.870426962,1
281,0,1,-0.288705445,-1.593423435,1
282,0,0,-1.458338825,-2.840039154,1
283,0,0,1.241980704,1.348250721,0
283,1,0,0.50557461,0.483412558,0
283,2,0,1.019712962,2.470874835,0
283,3,0,0.877919236,0.89084149,1
284,0,0,1.40697629,2.508342118,0
284,1,0,0.125123593,1.624248977,0
284,2,1,-1.396481968,-3.602767113,1
285,0,1,0.456254598,0.371724175,0
285,1,1,-0.19440791,-1.039049054,0
285,2,1,-0.295054986,-1.705549729,1
286,0,1,1.36864242,2.046609081,1
287,0,1,2.072348368,3.421414851,0
287,1,1,0.491186433,0.583906494,0
287,2,1,0.30805733,-0.558811039,1
288,0,0,-1.123961033,-2.375455895,1
289,0,0,0.994222557,1.599475552,0
289,1,1,-1.472509725,-4.122007506,1
290,0,0,-1.05389312,-1.906978236,0
290,1,1,-2.309484402,-6.20095802,1
291,0,0,0.020950852,0.14473657,0
291,1,0,-0.45566137,-1.299509989,1
292,0,1,1.229668829,1.690775741,0
292,1,1,0.035424771,0.200345238,0
292,2,1,-0.295243883,-2.1969894,1
293,0,1,1.1137099,0.827022114,1
294,0,1,1.217211365,1.765145163,0
294,1,0,1.384227225,2.639272297,0
294,2,1,-1.212744677,-2.547896609,1
295,0,0,-0.224576752,-0.543593061,1
296,0,0,-0.079930214,0.190403118,0
296,1,1,-1.907798749,-4.843591402,1
297,0,1,0.075986919,-0.634402795,1
298,0,1,1.051689264,1.330824715,0
298,1,1,0.436246019,0.137198192,1
299,0,0,1.581512124,3.968448863,0
299,1,0,-0.277039175,0.1316379,0
299,2,0,0.124819013,-0.137294248,0
299,3,0,-0.094789659,0.310437924,0
299,4,1,-1.282100302,-3.629263244,1
300,0,1,-0.175672581,-1.419233858,1
301,0,0,0.906568803,1.683905831,0
301,1,0,1.284811752,3.031472931,0
301,2,0,0.190445785,-0.875727293,1
302,0,1,-0.513183007,-2.089795716,1
303,0,1,0.215214178,-1.058075192,1
304,0,0,0.487654755,1.532410002,0
304,1,0,-0.371585445,-0.951963257,0
304,2,0,0.11597226,0.10646756,0
304,3,1,-1.268287199,-3.816307232,1
305,0,1,0.774070158,0.732917654,0
305,1,1,-0.776369151,-3.337375854,1
306,0,1,-0.36791336,-2.264858867,0
306,1,1,-0.318854986,-2.243995222,1
307,0,0,0.616352758,1.841110718,0
307,1,0,-0.036597731,-0.605832395,0
307,2,1,-1.903274299,-4.583921564,1
308,0,1,-0.993945905,-3.145675185,1
309,0,0,-0.465425476,-0.799780661,0
309,1,1,-2.163633886,-4.359264837,1
310,0,1,1.021136021,2.537710459,0
310,1,1,-0.444975968,-1.802897789,1
311,0,1,-0.379042122,-1.174493529,1
312,0,0,-0.128660003,-0.510722752,0
312,1,1,-2.452345738,-5.778371821,1
313,0,0,0.849961405,1.509339776,1
314,0,1,0.100763416,0.091924397,1
315,0,1,0.162402814,-0.080966508,1
316,0,0,-0.397674188,-1.115900453,0
316,1,0,0.704897236,1.125734579,0
316,2,1,-2.214836949,-5.701601913,1
317,0,1,2.102854688,4.025655595,0
317,1,1,-0.142444283,-1.681824053,1
318,0,0,-0.885363136,-1.251147355,0
318,1,1,-2.667798099,-6.579922313,1
319,0,1,-2.069559178,-5.141991842,1
320,0,0,-0.320267308,-0.21898722,0
320,1,1,-1.858460455,-4.297873519,1
321,0,0,-1.092531844,-2.067649012,1
322,0,0,-0.809172984,-1.265870468,0
322,1,1,-2.354666676,-5.099347574,1
323,0,1,-0.952651695,-3.22539651,1
324,0,0,0.331477966,0.864457762,0
324,1,1,-1.640195332,-3.528154002,1
325,0,1,-0.337933588,-2.026959347,1
326,0,1,-2.317589053,-6.655123004,1
327,0,1,0.45762803,0.767503675,0
327,1,1,-0.822054071,-1.444217751,1
328,0,1,0.047022163,-0.938819733,1
329,0,0,0.566449717,1.22872274,0
329,1,1,-1.592129645,-5.462416133,1
330,0,1,-0.643714508,-2.741135837,1
331,0,1,-0.920463978,-2.381171231,1
332,0,0,0.024751451,-0.054686556,1
333,0,0,0.125459005,-0.094683982,0
333,1,0,0.432836358,0.674098151,0
333,2,0,0.360070659,0.711234793,0
333,3,1,-2.191584654,-5.416034746,1
334,0,0,-0.443381488,-0.713802872,0
334,1,1,-2.66683493,-7.098167171,1
335,0,0,0.152435157,0.559268047,0
335,1,0,-0.447490923,0.028845459,0
335,2,1,-2.288433441,-5.290393882,1
336,0,1,-2.067221657,-5.342261738,1
337,0,1,-0.855626617,-2.508271833,1
338,0,1,-0.255896537,-1.522266832,1
339,0,0,1.694345028,3.544835303,0
339,1,0,0.790394786,0.73832859,0
339,2,1,-1.299367509,-4.556618684,1
340,0,0,-0.732230246,-0.873764465,0
340,1,0,0.632605035,1.149817583,0
340,2,0,0.352768961,0.092288308,0
340,3,1,-2.008435398,-5.172847467,1
341,0,1,-1.918867111,-4.580183316,1
342,0,0,-0.11246648,-0.011810575,1
343,0,1,0.681833068,0.406668832,1
344,0,1,-0.658920682,-2.334597924,1
345,0,0,-0.057790748,-0.337900024,0
345,1,0,0.268421557,1.090829531,0
345,2,1,-1.75728896,-4.037634417,1
346,0,1,1.371208673,2.316608149,0
346,1,1,0.15019321,0.09039309,0
346,2,1,-0.564539571,-2.069316513,1
347,0,1,-0.793892881,-2.42720936,1
348,0,1,-0.975806974,-1.99251355,1
349,0,0,-0.810846888,-2.32465349,0
349,1,0,-1.313218423,-2.395607191,1
350,0,1,-0.751327627,-2.238510236,1
351,0,0,0.505895064,0.160816023,0
351,1,0,-0.376355014,-0.800955554,0
351,2,1,-2.055896415,-4.648378893,1
352,0,0,-1.334294298,-1.625889087,0
352,1,0,-1.395384368,-2.968511947,0
352,2,0,-0.022280733,-0.302999221,1
353,0,0,-0.156259699,-0.672646351,0
353,1,0,-0.239591113,-0.223780227,1
354,0,1,-1.448607811,-4.492757447,1
355,0,0,-2.100927919,-3.688892016,1
356,0,0,0.915382113,1.765436835,0
356,1,0,0.377466496,0.04220346,0
356,2,1,-1.502756964,-4.621083219,1
357,0,1,-0.721625621,-1.59375421,1
358,0,0,1.454198593,2.983126072,0
358,1,0,1.090875781,1.898925906,0
358,2,0,0.664553741,1.896134602,0
358,3,1,-2.597224465,-5.951335284,1
359,0,0,-0.048111599,-1.395400574,1
360,0,0,0.00459029,0.233683729,0
360,1,1,-3.219419753,-8.150617568,1
361,0,0,0.954090338,2.569972454,0
361,1,1,-1.536082842,-3.783866353,1
362,0,0,-0.538755164,-1.21445936,0
362,1,1,-2.26297956,-5.695780309,1
363,0,1,0.191823056,-0.828769991,1
364,0,1,0.36749142,0.817377616,1
365,0,0,1.126078568,3.027565556,0
365,1,1,-1.136081947,-3.610906656,1
366,0,1,-0.855722922,-2.670386048,1
367,0,1,1.210187843,0.926060358,0
367,1,1,0.228066007,0.011487183,0
367,2,1,0.479118743,-0.121227083,1
368,0,1,0.545780551,-0.515803632,1
369,0,1,0.933279945,1.071938237,0
369,1,1,-1.164875916,-3.345795266,1
370,0,0,-1.179904974,-1.95028931,1
371,0,1,0.16936169,-0.463743718,1
372,0,1,0.687094585,0.836565418,0
372,1,1,-0.357468785,-1.864589463,1
373,0,1,1.408420319,1.517188617,0
373,1,1,-0.347373558,-1.077477123,1
374,0,1,2.148045021,3.233702058,0
374,1,1,0.400389518,-0.031549829,1
375,0,0,0.75849283,1.959319538,0
375,1,1,-2.080334764,-5.085667262,1
376,0,0,0.369852123,0.329984931,0
376,1,1,-1.510617442,-3.012028953,1
377,0,0,-0.702659289,-2.637495495,1
378,0,1,-0.821982237,-3.742845105,1
379,0,0,1.153479429,3.25029047,0
379,1,1,-1.618897988,-4.328979133,1
380,0,0,0.282917677,0.370438447,0
380,1,0,-0.900434938,-2.420606458,1
381,0,0,2.45073173,4.310265689,0
381,1,0,1.384129734,2.739753508,0
381,2,0,1.808240115,4.225183624,0
381,3,0,0.836817065,2.080816663,0
381,4,1,-1.431923902,-4.140483105,1
382,0,0,0.218919255,0.672031779,0
382,1,1,-1.471520399,-3.499225871,1
383,0,0,-0.542710553,-0.738248334,1
384,0,0,-1.244286102,-1.748522717,0
384,1,0,-1.545219223,-3.476513248,1
385,0,0,-0.428562283,-1.539594469,0
385,1,0,0.047668245,0.110040227,0
385,2,1,-2.150723748,-4.994378645,1
386,0,1,-0.102202248,-0.956906869,1
387,0,1,0.825383676,1.285059029,0
387,1,1,0.030731621,-0.470921599,1
388,0,0,1.948836463,4.030327475,0
388,1,0,1.410706352,2.497414963,0
388,2,1,-1.927245631,-5.314217959,1
389,0,0,-1.573167229,-2.979526244,0
389,1,0,-0.97338624,-1.840132864,1
390,0,0,0.397240368,1.655922303,0
390,1,0,0.476190653,1.833355297,0
390,2,1,-1.81622427,-5.123611105,1
391,0,1,0.267082351,-0.370104611,1
392,0,0,0.194931411,0.875036852,0
392,1,1,-2.328218861,-5.90510131,1
393,0,1,1.775410272,1.858589105,0
393,1,0,2.893790398,5.83862782,0
393,2,1,-0.461052431,-2.185054942,1
394,0,1,1.088483129,0.674624912,0
394,1,0,2.106729771,4.355506209,0
394,2,0,1.493856601,3.678528725,0
394,3,1,-2.28741853,-5.296317144,1
395,0,0,-0.792951799,-1.115131486,0
395,1,0,-0.072962535,-0.158715884,0
395,2,0,-0.195802038,0.035030152,0
395,3,0,0.216227408,0.549319219,0
395,4,0,-0.257538526,-0.400675648,1
396,0,1,0.527266648,-0.500002152,1
397,0,0,-1.279391931,-2.404985508,1
398,0,0,-1.778750327,-3.193266064,1
399,0,0,2.276783964,3.992851585,0
399,1,1,-0.269872947,-2.144261671,1
400,0,1,0.040749775,-0.696185773,1
401,0,0,0.227091228,1.008988921,0
401,1,1,-0.498568292,-1.803214202,1
402,0,0,1.473649396,2.906394943,0
402,1,0,-0.021174412,0.65274049,0
402,2,0,-0.182275854,-1.170118405,1
403,0,0,0.137478403,-0.658154901,1
404,0,1,0.274971925,-0.194721972,1
405,0,0,1.008819477,2.202603092,0
405,1,0,1.175510886,2.478267279,0
405,2,1,-1.795759191,-4.743484483,1
406,0,1,-0.328902436,-0.474547581,1
407,0,1,0.597200823,0.292671808,0
407,1,1,-0.297921151,-0.83715161,0
407,2,1,-0.579069379,-1.692055926,1
408,0,0,0.372669756,1.825404956,0
408,1,1,-1.62764714,-4.39216956,1
409,0,0,0.12994657,0.094913549,0
409,1,1,-2.588804816,-6.845404886,1
410,0,0,-0.176226768,-0.29897995,0
410,1,1,-2.593427005,-5.591524255,1
411,0,1,0.850576573,0.43402232,0
411,1,1,-0.671967895,-2.40019296,1
412,0,1,0.023323476,-1.428503247,1
413,0,1,-1.248118964,-3.146502341,1
414,0,1,-2.091073297,-5.474414308,1
415,0,1,-0.068070326,-1.541823298,1
416,0,0,-0.690691172,-2.237969197,1
417,0,1,0.427345861,-0.63277229,1
418,0,0,2.223413163,4.090110772,0
418,1,0,0.999713913,1.825506884,0
418,2,1,-2.121639428,-5.348025841,1
419,0,1,-0.743700463,-1.990936895,1
420,0,1,0.205474103,-0.675356424,1
421,0,1,-1.158127344,-3.553988873,1
422,0,0,0.845240726,1.069454284,0
422,1,1,-1.431119196,-3.426880932,1
423,0,0,0.450495025,1.105088758,0
423,1,0,0.597095746,1.278174983,0
423,2,1,-1.149991734,-3.255938683,1
424,0,1,0.467870619,-0.062304843,1
425,0,0,-0.964410108,-2.144057625,1
426,0,0,-1.035182532,-2.238038274,1
427,0,0,-1.142178856,-3.461059422,1
428,0,0,0.683534879,1.333705883,0
428,1,0,0.526375391,0.660580592,0
428,2,0,0.791435143,1.184522975,0
428,3,1,-1.483607878,-3.442924832,1
429,0,1,0.182840495,-0.797312897,1
430,0,0,1.23756092,1.841541461,0
430,1,0,1.020941431,2.697863597,0
430,2,0,0.996503212,2.463321416,0
430,3,1,-0.890946967,-2.456382901,1
431,0,0,-0.268167047,-0.910931524,0
431,1,1,-2.133111709,-4.251726488,1
432,0,0,0.664911077,0.679519255,0
432,1,1,-2.051629656,-5.292755995,1
433,0,1,-0.093751196,-0.838717442,1
434,0,0,-0.264203984,-1.333040515,0
434,1,0,-0.693987391,-1.834063712,1
435,0,1,-1.749008311,-3.89193672,1
436,0,1,0.050275519,0.609915465,0
436,1,1,0.140246699,-1.169889832,1
437,0,0,-0.784638663,-1.546458848,1
438,0,1,1.487011904,1.37015801,0
438,1,1,0.840725277,0.823561466,1
439,0,0,1.223356393,2.675153665,0
439,1,0,-0.368784438,-1.215944429,1
440,0,0,-0.465372836,-0.904958522,0
440,1,0,-0.036841757,0.883758624,0
440,2,0,-0.247556761,0.226490275,0
440,3,1,-2.24628008,-4.596182472,1
441,0,1,0.610828829,-0.134620861,1
442,0,0,0.145179171,0.916933365,0
442,1,0,-0.911886578,-1.813762978,0
442,2,1,-2.41117738,-5.227989238,1
443,0,0,0.814737845,1.303032395,0
443,1,1,-1.638039198,-4.840437583,1
444,0,0,-0.903634955,-2.348586993,1
445,0,1,0.978766552,1.473397353,0
445,1,1,0.224934509,-0.68392323,1
446,0,1,1.359169748,1.254396386,1
447,0,0,2.923515127,5.472379099,0
447,1,1,-1.654931584,-4.472780587,1
448,0,0,-1.190990255,-1.815643389,0
448,1,1,-3.180366824,-6.706810417,1
449,0,0,0.219493549,0.604904314,0
449,1,1,-2.47124148,-5.579902751,1
450,0,1,-0.076793018,-1.05598767,1
451,0,1,0.506493238,-0.747890788,1
452,0,0,-0.595969866,-1.382133275,1
453,0,0,0.213566394,0.681495969,0
453,1,0,1.111749825,2.0116956,0
453,2,1,-1.098145431,-3.510563919,1
454,0,1,0.469689853,-0.755108875,0
454,1,1,-0.440959228,-2.058882879,1
455,0,1,0.435368502,-0.337158997,0
455,1,1,0.727514582,1.108246178,0
455,2,1,-0.600261306,-1.778547557,1
456,0,1,0.47957817,-0.024274238,0
456,1,0,1.322201935,3.896324957,0
456,2,0,1.761064831,3.840389613,0
456,3,1,-1.24877412,-3.667907314,1
457,0,0,-0.393832658,-1.664461693,1
458,0,0,1.214495959,2.243145016,0
458,1,1,-2.106611438,-5.305296403,1
459,0,0,-0.739568077,-2.050245003,0
459,1,1,-1.749413966,-4.70124885,1
460,0,1,-0.164881978,-1.216330431,1
461,0,1,-0.28809922,-1.019119365,0
461,1,1,-1.264622778,-2.458223316,1
462,0,0,0.188164384,-0.087450905,0
462,1,1,-2.101587934,-5.630818708,1
463,0,0,1.214160728,2.828849423,0
463,1,1,-1.223444721,-3.196533121,1
464,0,1,-0.558121485,-1.991680015,1
465,0,1,-0.194671269,-1.93767507,1
466,0,1,1.173257382,1.286075955,1
467,0,0,-0.263258321,-0.933957847,0
467,1,1,-0.918353252,-2.332822063,1
468,0,0,1.187986529,2.868262444,0
468,1,1,-2.22478422,-6.161174001,1
469,0,0,1.112538574,2.240774725,0
469,1,1,-1.770525469,-4.877629448,1
470,0,0,0.795873168,1.598038148,0
470,1,1,-1.633764023,-4.171176816,1
471,0,1,0.967382168,1.603383937,0
471,1,1,0.021034359,-1.710224878,1
472,0,0,1.08187101,3.058798253,0
472,1,1,-1.41302103,-3.14370013,1
473,0,1,-0.11877705,-0.992449236,1
474,0,0,-0.530768808,-2.249191462,0
474,1,1,-3.32596303,-8.056958344,1
475,0,1,-0.687943296,-3.30052077,1
476,0,1,-0.408616148,-1.302821898,0
476,1,0,0.716692253,1.113457196,0
476,2,1,-1.57907858,-3.836700077,1
477,0,1,0.218253073,-0.925789714,1
478,0,1,-1.67254932,-3.990017914,1
479,0,0,1.37618032,1.818398437,0
479,1,0,1.579981525,2.81824681,0
479,2,0,0.363819362,0.024129977,0
479,3,0,0.046777638,-0.358405911,0
479,4,1,-1.749074471,-3.578170649,1
480,0,1,1.536663607,3.216990955,0
480,1,1,0.222065862,-1.431250308,1
481,0,0,0.624205321,1.29056922,0
481,1,0,0.536381946,0.135959416,1
482,0,1,-0.268102265,-0.967420301,1
483,0,0,1.337830474,2.316774376,0
483,1,0,0.383860251,0.247105462,0
483,2,1,-2.145744873,-5.642042025,1
484,0,0,-0.758190618,-0.984815375,0
484,1,0,-0.164965169,-0.491015781,0
484,2,1,-1.86028633,-4.254613494,1
485,0,1,0.689389007,-0.462919884,1
486,0,0,-0.906506638,-2.02026839,1
487,0,1,0.724445451,0.050344924,1
488,0,1,-0.978983765,-2.363624585,1
489,0,1,0.858411345,0.493146009,0
489,1,1,-0.422201615,-1.928108843,1
490,0,0,0.469266266,1.435970038,0
490,1,1,-1.767021485,-4.585521833,1
491,0,1,1.197299617,2.388823172,0
491,1,1,0.053537278,-1.354539404,1
492,0,0,-0.072920395,-0.050543414,0
492,1,1,-2.233098793,-5.3083247,1
493,0,1,1.534893772,2.30978913,0
493,1,1,-0.085393022,-1.456603501,1
494,0,1,-0.658401585,-2.880003624,1
495,0,1,-0.211347773,-2.4183886,1
496,0,1,0.073472321,-1.266526023,0
496,1,1,0.027028761,-0.459930825,1
497,0,1,0.4235104,0.3423006,1
498,0,0,0.648554171,1.311284701,0
498,1,1,-2.486983423,-6.32318252,1
499,0,1,1.288774907,1.791001872,1
500,0,1,-0.039456545,-1.057681296,1
501,0,1,0.722817349,0.436366215,1
502,0,0,1.335179901,1.798268607,0
502,1,1,-1.550892959,-3.64006803,1
503,0,0,-0.312417219,-1.144624227,0
503,1,1,-2.064738357,-5.002654933,1
504,0,0,0.707620122,1.475082292,0
504,1,1,-2.096733699,-4.625247513,1
505,0,1,0.164855596,-0.575047434,1
506,0,0,2.014272024,5.308748016,0
506,1,1,-1.68133996,-4.304581334,1
507,0,1,1.508903157,1.71357358,0
507,1,1,0.328635867,0.179749873,1
508,0,0,0.72616626,2.242235986,0
508,1,0,-0.311140392,0.28938706,0
508,2,1,-2.469913624,-6.046154771,1
509,0,0,0.951831887,1.055476784,0
509,1,1,-2.295417172,-6.114437728,1
510,0,1,0.045822912,-1.600804894,1
511,0,0,2.124494772,4.675381297,0
511,1,0,1.402146005,2.726700263,0
511,2,0,0.293669486,0.502542956,1
512,0,0,-0.559582229,-0.67788924,0
512,1,1,-2.19761346,-5.401007673,1
513,0,0,0.209444323,0.810848658,0
513,1,0,0.055325908,-0.607413985,0
513,2,0,0.539581207,1.111307964,0
513,3,0,0.222593611,0.006387889,0
513,4,0,-0.350483773,-1.202139456,1
514,0,1,-1.216093173,-2.438877401,1
515,0,0,-0.185155882,-0.803294383,1
516,0,1,-0.812603199,-2.757613475,1
517,0,1,-1.193020048,-4.430908348,1
518,0,1,-0.647052607,-2.830848315,1
519,0,1,-0.564240649,-2.124721535,1
520,0,0,0.961976543,2.691459529,0
520,1,1,-1.387004772,-3.954790094,1
521,0,0,-0.29521915,-0.757830627,0
521,1,1,-2.202434102,-5.501047823,1
522,0,1,-0.096634426,-1.301138683,1
523,0,0,-0.887574568,-2.37340656,1
524,0,0,-0.833554221,-0.835802496,0
524,1,0,-0.461599214,-0.796488657,1
525,0,1,0.383698208,0.478962763,0
525,1,1,-0.425244044,-1.428302806,1
526,0,0,1.10152904,1.387148878,0
526,1,1,-2.047345968,-5.785333939,1
527,0,1,1.236430147,1.590768452,0
527,1,0,2.004647461,4.907133004,0
527,2,0,0.172584636,0.849332721,0
527,3,1,-1.8110496,-4.69475713,1
528,0,1,0.402266093,-0.832218679,1
529,0,0,0.15785172,0.206238142,1
530,0,1,-0.236970525,-1.320925596,1
531,0,1,2.042303491,2.887318503,0
531,1,1,0.758844629,0.451800763,1
532,0,1,-0.889852039,-2.605268914,0
532,1,1,-0.644588983,-1.879824057,1
533,0,1,-1.686069404,-3.962590374,1
534,0,0,-0.631665482,-0.998445925,1
535,0,0,1.166002293,1.917499218,0
535,1,1,-1.246806054,-3.055055043,1
536,0,1,0.580288238,0.076138309,1
537,0,1,0.528389106,0.168832137,0
537,1,0,1.522616341,2.901154461,0
537,2,0,0.410401252,0.235045937,0
537,3,0,0.233476909,-0.243976342,0
537,4,0,0.280166814,0.760458338,0
538,0,1,1.368257311,2.432792288,0
538,1,0,1.269747675,3.165911098,0
538,2,1,-1.958060399,-4.959468567,1
539,0,1,1.065763649,1.065659688,0
539,1,1,-0.172264971,-1.219083347,1
540,0,0,0.899716498,2.352046309,0
540,1,1,-0.993947167,-2.841011689,1
541,0,1,1.164228069,0.426177342,0
541,1,1,-0.391613083,-1.75238698,1
542,0,0,-0.182713476,-0.530566351,0
542,1,1,-1.30464014,-4.058931132,1
543,0,0,0.539200494,-0.112286815,1
544,0,1,-0.929314837,-2.603490045,1
545,0,0,0.781016662,0.560808211,0
545,1,1,-1.21890938,-3.566851572,1
546,0,0,0.538082024,0.493351247,0
546,1,0,0.020066332,0.085808031,0
546,2,1,-2.722591574,-7.137880879,1
547,0,0,-0.276913654,-0.501025832,0
547,1,0,-0.343127623,-1.105582723,1
548,0,0,0.057604335,0.448733612,0
548,1,1,-2.399269505,-5.733997392,1
549,0,1,1.276030929,0.730283626,0
549,1,1,-0.505254047,-2.01621972,1
550,0,0,-1.872854699,-4.91038517,1
551,0,1,0.723870503,0.374058784,1
552,0,1,0.646054103,0.336755244,0
552,1,1,-0.410258359,-1.979143649,1
553,0,1,0.217308947,-0.740561001,1
554,0,0,1.597900644,3.150500868,0
554,1,0,1.237938017,2.291702024,0
554,2,0,0.226415237,-0.600468725,1
555,0,0,-0.007451207,-0.837172481,1
556,0,0,0.425800537,1.227034827,0
556,1,1,-1.922431212,-4.879302717,1
557,0,1,0.296152577,-0.730064716,1
558,0,1,0.883731,0.940282933,0
558,1,1,-0.309425501,-2.362665847,1
559,0,0,0.464451299,1.913479226,0
559,1,0,0.686484756,2.281608687,0
559,2,0,0.571461796,1.761849431,0
559,3,1,-1.986719578,-5.695158882,1
560,0,1,0.87760884,1.282322875,0
560,1,1,-1.278454322,-3.278240353,1
561,0,0,-1.346263932,-2.467501379,1
562,0,0,0.224321665,0.912320454,0
562,1,0,-0.067162643,0.12626739,1
563,0,1,0.375061132,-0.382375272,1
564,0,1,-0.389725714,-2.126442662,1
565,0,1,0.507659617,-0.080099127,0
565,1,1,0.007062384,-0.245622637,0
565,2,1,-1.320162063,-3.79815758,1
566,0,0,-0.438060064,-0.675494677,1
567,0,0,2.20172298,3.952735031,0
567,1,0,0.217622649,0.594709034,0
567,2,0,0.374739363,0.507258812,0
567,3,1,-2.34259552,-5.783723792,1
568,0,0,-2.208823224,-4.612553131,1
569,0,0,1.490395616,2.02883824,0
569,1,0,1.130070911,2.98016953,0
569,2,1,-1.240273396,-3.897490512,1
570,0,0,2.804680659,5.684542096,0
570,1,1,-1.259451826,-3.18263048,1
571,0,1,-0.761209251,-2.789968877,1
572,0,1,0.339583377,-1.143719923,1
573,0,0,1.944024097,3.133594722,0
573,1,1,-1.881646642,-4.406571258,1
574,0,1,-1.487694729,-4.128878714,1
575,0,1,-0.268392994,-0.991936337,1
576,0,0,-0.991439932,-2.062376059,0
576,1,1,-2.2953581,-5.388662912,1
577,0,0,0.505087884,0.84364756,0
577,1,1,-2.502274129,-5.682528091,1
578,0,0,-0.598437748,-0.727492861,0
578,1,0,-0.403584025,-1.86001378,1
579,0,1,0.249081345,0.177148213,0
579,1,0,2.398328636,4.728617748,0
579,2,1,-1.760077955,-4.721694974,1
580,0,1,1.453115137,1.569262318,0
580,1,1,-0.336552082,-1.821939147,1
581,0,1,0.486385287,-0.726044504,1
582,0,1,0.260133875,-0.092269111,1
583,0,1,0.294652142,-0.408742517,0
583,1,1,-0.262005436,-2.367651603,1
584,0,0,-1.481351621,-3.020850956,1
585,0,1,0.981473611,1.162207262,0
585,1,1,0.254368058,0.403630967,1
586,0,0,0.862476434,1.622758208,0
586,1,0,-0.056834582,-0.417516436,0
586,2,0,-0.130788844,-0.659658428,0
586,3,1,-1.95861776,-4.689895756,1
587,0,0,-0.004443119,0.900013604,0
587,1,0,-0.364135955,-0.993526351,1
588,0,0,-0.335267495,-0.559822958,0
588,1,0,-1.726736617,-3.373507365,1
589,0,0,-0.275823058,-1.079572388,0
589,1,1,-1.633024892,-3.902662813,1
590,0,1,-0.447046623,-1.669194544,1
591,0,0,0.197625353,0.67734775,0
591,1,0,0.361280777,0.213451102,0
591,2,0,0.949685824,2.03067515,0
591,3,1,-2.224370867,-5.840245886,1
592,0,0,-0.451979476,-1.538826233,0
592,1,1,-2.747720107,-6.034144807,1
593,0,1,-0.883983936,-3.46012535,1
594,0,0,1.087150477,2.58860942,0
594,1,1,-2.081641465,-5.69243254,1
595,0,1,-0.037279872,-1.672705837,0
595,1,0,1.35131367,2.517192752,0
595,2,1,-0.753034293,-2.691961532,1
596,0,0,-0.272989101,-0.900577278,0
596,1,1,-2.053859242,-5.110439006,1
597,0,1,0.995907425,0.926966522,1
598,0,1,0.987132931,0.489963502,1
599,0,0,1.038994884,2.570403302,0
599,1,0,1.011147767,2.358249832,0
599,2,0,0.219309875,-0.271479965,0
599,3,0,-0.215081057,-0.975142587,0
599,4,0,-0.161640113,0.71637746,0
600,0,1,-0.887127868,-2.630833788,1
601,0,1,-0.662707057,-2.042051127,1
602,0,0,0.632465852,1.120791229,0
602,1,0,0.117507522,0.212143876,0
602,2,1,-2.40661796,-5.788249761,1
603,0,1,-0.552147888,-2.132428149,1
604,0,0,-0.597744927,-0.676048908,0
604,1,0,-0.186727322,-0.181083953,0
604,2,0,0.493971754,0.843014782,0
604,3,0,-0.123770085,-0.425592413,0
604,4,1,-2.974007119,-6.693320656,1
605,0,0,-0.632856728,-1.133998685,0
605,1,1,-1.976675541,-5.024712505,1
606,0,0,0.14609269,0.54928271,0
606,1,0,-0.742101522,-1.458752615,0
606,2,1,-1.768507824,-3.79945048,1
607,0,0,1.246134897,1.430467495,0
607,1,0,0.380987865,-0.427357371,0
607,2,0,-0.077643875,-0.317269341,0
607,3,0,0.531702624,0.900876106,0
607,4,1,-1.564602686,-3.598279527,1
608,0,1,-0.870907277,-2.745355354,1
609,0,1,-0.564052302,-1.209630368,1
610,0,1,-0.55437278,-2.051237453,1
611,0,0,-2.189171172,-3.829887957,1
612,0,0,0.427423296,0.680581233,0
612,1,0,0.478528363,0.802396343,0
612,2,0,-0.427137776,-0.485833464,0
612,3,0,-0.127084403,-0.143502252,0
612,4,0,0.725871322,1.236866481,0
613,0,0,-0.093779342,-0.251817487,0
613,1,0,0.325346792,0.197171637,0
613,2,0,0.099787317,-0.576361463,1
614,0,0,-1.337204366,-3.217147043,1
615,0,0,2.64625232,5.259440424,0
615,1,1,-0.45424508,-1.35625336,1
616,0,1,-0.507213104,-1.052488877,1
617,0,0,0.201787705,0.342955628,0
617,1,0,-0.314402948,-0.51189967,0
617,2,0,-0.923341512,-2.077657462,1
618,0,0,-0.246357355,-1.445511509,1
619,0,1,1.274114395,1.639043478,0
619,1,1,0.718924005,-0.273765534,1
620,0,0,-1.566528177,-2.405976565,0
620,1,0,-0.023133803,0.218839723,1
621,0,0,-0.051222629,-0.137431286,0
621,1,0,-0.10777554,-0.160425827,0
621,2,0,0.239363988,0.108228145,0
621,3,1,-1.890524782,-4.302503569,1
622,0,1,-0.669591183,-1.80849184,1
623,0,1,0.774975575,0.403104058,0
623,1,0,2.537377138,5.458861052,0
623,2,1,-1.49080964,-5.018376949,1
624,0,0,1.030051728,2.445629566,0
624,1,0,0.453075405,0.781665405,0
624,2,0,-0.107365568,0.26384997,0
624,3,1,-2.977173697,-7.274782505,1
625,0,0,-0.461007455,-1.010755723,1
626,0,1,-0.744831183,-2.618521644,1
627,0,1,1.944800519,3.101793368,0
627,1,1,0.954594657,1.034768377,0
627,2,0,1.558051386,3.187763061,0
627,3,0,0.946798495,1.944775763,0
627,4,1,-1.778543545,-4.684062003,1
628,0,1,0.403534551,0.973758668,0
628,1,1,-0.233967946,-0.986108866,0
628,2,0,0.98078235,0.992912892,0
628,3,0,0.199000321,1.092302741,0
628,4,1,-2.279514523,-6.451643811,1
629,0,0,-0.419541919,-1.391338286,0
629,1,0,-0.077373908,0.430163698,0
629,2,0,0.290389776,0.381486912,0
629,3,0,-0.398859798,-0.589309862,0
629,4,1,-2.307243474,-4.503950293,1
630,0,1,0.755933817,0.207786731,0
630,1,1,0.276872612,-0.411449122,1
631,0,1,-0.098798177,-1.75741581,1
632,0,0,0.534496533,1.494949681,0
632,1,0,0.315957672,0.753968175,0
632,2,0,1.03260018,1.716659014,1
633,0,1,1.103480767,1.864720939,0
633,1,0,2.005617352,4.409131605,0
633,2,1,-1.366009769,-3.780863618,1
634,0,1,-0.55006266,-2.508872667,1
635,0,0,-0.058711773,-0.517022994,0
635,1,0,-0.571671474,-1.244178379,0
635,2,1,-1.60840084,-3.934174164,1
636,0,1,-0.976046107,-2.288063998,1
637,0,0,0.073087796,0.748149399,0
637,1,1,-1.295691314,-3.298282969,1
638,0,1,0.167252262,-0.816139197,1
639,0,0,1.154435067,1.864049154,0
639,1,0,0.636489063,1.179200534,0
639,2,0,0.456103817,0.802434167,0
639,3,1,-1.794593193,-4.449785642,1
640,0,1,-0.240803474,-2.00713648,1
641,0,0,0.977149564,1.273896831,0
641,1,1,-2.434065323,-6.263387287,1
642,0,1,-0.888810404,-3.072236709,1
643,0,0,0.687809817,1.737669238,0
643,1,0,-0.047472868,0.475519815,0
643,2,0,-0.688867858,-1.246462598,0
643,3,1,-1.932660968,-4.558805847,1
644,0,0,1.266689702,2.630338924,0
644,1,0,0.605625989,1.515017769,0
644,2,1,-1.67223845,-5.044586836,1
645,0,0,-0.368564041,-1.310098857,1
646,0,1,0.479588966,0.213213803,1
647,0,1,-0.014144999,-1.358242757,1
648,0,0,2.246199756,4.103379058,0
648,1,0,0.754627441,1.497949118,0
648,2,0,0.839303296,1.332108959,0
648,3,1,-1.800878498,-3.880549771,1
649,0,1,0.072789321,-0.17675024,1
650,0,1,1.166604016,1.25893292,0
650,1,1,-0.512831143,-2.570769048,1
651,0,1,-1.108605632,-2.839686193,1
652,0,1,0.79216541,0.552576506,1
653,0,1,-1.410290437,-3.719019278,1
654,0,1,0.139545525,-0.524327526,1
655,0,0,0.485646545,1.427371848,0
655,1,1,-2.389380284,-5.399433837,1
656,0,0,-0.897280777,-3.23668227,1
657,0,0,-0.581420334,-1.453864757,1
658,0,1,-0.763052414,-2.949055333,1
659,0,0,-0.391403458,-0.380538786,0
659,1,1,-1.472484415,-3.521491231,1
660,0,1,-0.830921061,-3.946159365,1
661,0,0,0.359436156,0.08972578,0
661,1,1,-1.937460352,-5.53499423,1
662,0,0,1.943474816,3.828527042,0
662,1,0,1.100517968,1.758800647,0
662,2,1,-0.954232438,-2.552132814,0
662,3,0,1.606456653,2.437460728,0
662,4,1,-1.544961157,-3.322133161,1
663,0,0,0.352417223,1.264396367,0
663,1,1,-2.761790369,-6.726603167,1
664,0,0,-0.998528446,-1.127164867,1
665,0,1,1.615762862,2.131722179,0
665,1,1,-0.62309926,-1.795081161,1
666,0,1,-0.477278585,-1.541959511,0
666,1,1,-0.937308303,-2.148127664,1
667,0,1,0.477146623,0.526876494,0
667,1,1,-0.712132592,-2.892808497,1
668,0,0,0.122629781,0.080868778,0
668,1,1,-2.39804782,-5.994788963,1
669,0,1,-0.323911894,-1.257575392,1
670,0,1,1.126156044,1.300334844,0
670,1,1,0.804120814,1.022834627,1
671,0,0,-0.490953754,-0.78519512,0
671,1,0,-0.017834981,0.442880423,0
671,2,1,-2.081186822,-4.722346762,1
672,0,1,0.285069861,0.274297181,1
673,0,1,0.43416077,-0.084840851,1
674,0,1,-1.305883404,-3.404613763,1
675,0,0,0.446336956,0.851392687,0
675,1,1,-2.187788383,-5.069640053,1
676,0,0,1.406338939,3.619732672,0
676,1,1,-1.623321794,-3.780797127,1
677,0,1,-0.060536182,-1.177303528,1
678,0,1,0.379867887,-0.269211804,1
679,0,1,2.852178833,3.449888166,0
679,1,1,0.234674838,-0.367800108,1
680,0,1,-0.211746622,-1.592756984,1
681,0,0,-0.245368745,0.336949764,0
681,1,0,-0.309577431,-0.683140276,1
682,0,0,2.245606946,4.438565755,0
682,1,0,0.184509095,0.566114199,0
682,2,1,-1.894371006,-5.361154471,1
683,0,1,0.443187148,0.321015808,0
683,1,1,-0.254054802,-1.824180821,1
684,0,1,-0.78980722,-3.298918501,1
685,0,0,-0.226900915,-0.413113524,0
685,1,1,-2.429733224,-5.70868068,1
686,0,1,-0.301109665,-1.26139422,1
687,0,1,0.046891242,-1.258977197,1
688,0,1,-0.583411067,-2.450047261,1
689,0,1,-0.693910108,-2.041191181,1
690,0,0,-0.642460903,-0.223313432,0
690,1,1,-2.613596303,-5.669100062,1
691,0,0,-0.297390688,-0.486118079,0
691,1,1,-1.635089511,-3.815903626,1
692,0,0,-0.533608684,-1.377871333,0
692,1,1,-2.44440122,-6.235189825,1
693,0,0,0.385764935,0.574342889,0
693,1,1,-1.326994764,-3.87721729,1
694,0,0,-0.078624175,-0.294745447,0
694,1,0,-0.868780347,-2.210732723,1
695,0,1,1.408201376,1.39640391,1
696,0,0,0.484720949,0.378790487,0
696,1,1,-2.122969686,-6.380524348,1
697,0,0,-0.675112929,-1.19376056,0
697,1,0,-0.543680004,-1.079639498,1
698,0,1,0.379663526,-1.084944684,1
699,0,1,0.501465719,-0.049521207,0
699,1,1,0.752164634,0.886433641,1
700,0,0,0.99679137,2.407818181,0
700,1,0,-0.048295523,-0.745086057,0
700,2,0,-0.003781897,0.685560436,0
700,3,1,-2.803180939,-6.169038829,1
701,0,0,1.059434624,0.972224879,0
701,1,0,0.430752911,0.460195288,0
701,2,0,-0.067610933,-0.381822096,1
702,0,1,-0.008824999,-1.203014253,1
703,0,1,-0.048862964,-1.014688936,1
704,0,0,1.677308435,3.617432166,0
704,1,1,-1.491007428,-4.195121616,1
705,0,1,-0.775104847,-2.212251737,1
706,0,1,-1.022516553,-2.892546038,1
707,0,1,-0.693597337,-2.551635799,1
708,0,1,0.958143687,0.623819458,0
708,1,0,1.311745489,2.518362635,0
708,2,1,-1.716872263,-4.631604302,1
709,0,1,-0.984704588,-2.469312049,1
710,0,0,-0.277412276,-1.400507262,1
711,0,0,0.177011645,-0.107978744,0
711,1,1,-1.626701758,-3.794943428,1
712,0,0,-0.462964609,-1.594702114,0
712,1,1,-1.404330271,-4.119330969,1
713,0,0,-0.418336127,-0.661681985,0
713,1,1,-2.069931861,-5.34059568,1
714,0,1,-1.239309756,-3.226227224,1
715,0,1,1.262747357,1.583534682,1
716,0,1,-1.117539436,-2.202544809,1
717,0,0,0.189783306,-0.044917416,1
718,0,1,0.323530722,-0.530674669,0
718,1,1,-0.307741345,-1.273044752,1
719,0,0,1.084987708,1.959074648,0
719,1,0,0.385031383,1.906637358,0
719,2,1,-2.547146847,-6.587396126,1
720,0,0,-0.460203812,-0.451442645,0
720,1,1,-2.028357562,-4.406911458,1
721,0,1,-0.09729545,-1.208142305,1
722,0,1,-0.785023849,-2.640818466,1
723,0,0,-0.079175924,-0.686256943,1
724,0,0,-0.762907112,-2.138095859,1
725,0,1,1.222090393,1.6313637,0
725,1,1,-0.636607952,-3.169564887,1
726,0,0,-0.40201806,-0.586828447,0
726,1,0,-0.493016243,-0.706445152,0
726,2,1,-1.538960095,-4.011153804,1
727,0,0,0.185033791,-0.026286319,0
727,1,0,0.585512914,0.605141644,0
727,2,1,-2.199450806,-5.711596695,1
728,0,1,1.072510159,2.187862097,0
728,1,0,1.599539315,3.383224596,0
728,2,0,0.848061582,2.868329714,0
728,3,0,-0.331097383,-0.492147247,1
729,0,1,0.102704655,-0.793107642,1
730,0,0,-2.636665782,-4.554808187,1
731,0,0,-1.417390333,-2.979079779,1
732,0,0,0.374318556,0.895135834,0
732,1,1,-2.673638753,-6.610932072,1
733,0,0,-1.375672522,-2.930913161,1
734,0,0,-2.278539023,-4.976499637,1
735,0,1,-0.46717644,-1.852177202,1
736,0,1,-0.255792508,-1.77844518,1
737,0,1,1.337104299,1.598953909,0
737,1,0,2.201812834,4.264276274,0
737,2,1,-0.035466131,-1.260360813,1
738,0,1,-0.197276485,-1.260305497,1
739,0,1,0.132629067,-0.062835614,0
739,1,1,-0.316210088,-2.749202657,1
740,0,1,-1.042408996,-2.756709143,1
741,0,1,-0.929096575,-3.57449045,1
742,0,1,-1.888555052,-4.351549619,1
743,0,0,-0.444519153,-1.637211442,1
744,0,1,0.250765018,-0.682696742,0
744,1,1,-1.068494355,-2.630884074,1
745,0,0,0.139536566,0.682719686,0
745,1,0,0.880831533,1.796710234,0
745,2,1,-1.570851657,-4.130919119,1
746,0,1,-0.634626169,-1.60411506,1
747,0,1,-1.074303274,-3.747648186,1
748,0,0,0.222807905,1.195507894,0
748,1,1,-2.194738376,-5.854178706,1
749,0,0,0.834648641,1.57262385,0
749,1,0,0.639981864,0.834177112,0
749,2,1,-1.741889299,-4.17186047,1
750,0,1,0.601245591,0.598705249,0
750,1,1,-0.468721862,-1.317083579,0
750,2,1,-0.382767009,-1.364931242,1
751,0,1,0.59578306,0.608749044,0
751,1,1,0.055574264,-0.500285875,1
752,0,0,1.787307513,3.105367121,0
752,1,1,-0.345895969,-0.635315827,0
752,2,1,-1.117883973,-3.237918479,1
753,0,1,-0.405548339,-1.527726641,1
754,0,0,1.606352979,3.382472616,0
754,1,0,0.582595945,2.033089973,0
754,2,1,-1.065254759,-3.320929148,1
755,0,1,-0.193649362,-1.526790471,1
756,0,1,-1.15494603,-3.475809043,1
757,0,1,0.097523231,0.156791125,1
758,0,1,1.653597468,2.774334534,0
758,1,1,0.496859669,-0.206730072,1
759,0,1,-1.99430716,-4.742904049,1
760,0,1,-0.563549726,-1.901377455,1
761,0,0,0.324330448,0.959292359,0
761,1,0,0.681812492,2.25858651,0
761,2,1,-2.909771959,-6.352311094,1
762,0,0,0.921971115,1.707470034,0
762,1,1,-1.49658441,-2.774332677,1
763,0,1,-1.185795608,-4.048145102,1
764,0,0,-0.806253651,-1.585769152,1
765,0,0,-0.95846199,-1.722203797,1
766,0,0,0.206409748,0.681286948,0
766,1,1,-2.526242031,-4.996230937,1
767,0,1,0.059278495,-0.887719514,1
768,0,0,-0.514831471,-1.050896065,0
768,1,1,-2.494389247,-5.809236497,1
769,0,0,-1.861400405,-3.275131199,1
770,0,1,0.737131068,0.500140501,1
771,0,1,-1.120734157,-2.347167025,1
772,0,0,-0.054129561,0.399617929,0
772,1,1,-2.700203946,-7.242762021,1
773,0,0,-0.602216304,-1.83599322,1
774,0,1,-0.667779498,-1.880824928,1
775,0,1,-0.463008251,-2.485632845,1
776,0,1,-0.723212654,-2.538993614,1
777,0,1,1.446907472,2.386346801,0
777,1,1,-0.80313668,-1.870039147,1
778,0,1,0.833387917,1.111761913,0
778,1,1,-0.52832673,-2.097396392,1
779,0,0,0.727604538,1.296774461,1
780,0,1,1.342736717,1.589885082,0
780,1,1,-1.381065084,-3.433205108,1
781,0,1,-0.32297093,-1.085043572,1
782,0,1,-0.278407327,-1.9088443,1
783,0,0,-1.708987415,-3.666744916,1
784,0,1,1.384068974,1.981583958,0
784,1,1,0.147398873,-0.837227541,1
785,0,1,-1.075162524,-2.671587961,1
786,0,0,-2.334574601,-4.429380319,1
787,0,1,1.773612606,2.037250176,1
788,0,1,-1.579536018,-3.480296266,1
789,0,0,-1.334717717,-3.313374339,1
790,0,0,-0.815597349,-1.842188777,1
791,0,1,0.100754558,-0.45912281,1
792,0,0,0.762173849,1.106942247,0
792,1,0,1.209344993,3.009203506,0
792,2,0,0.675567856,1.199305353,0
792,3,1,-1.722664287,-4.133409225,1
793,0,1,0.350357112,0.659887062,0
793,1,1,-0.379871878,-2.351861391,1
794,0,1,-0.740884984,-2.383904204,1
795,0,0,0.028090889,-0.170198506,1
796,0,0,-0.737237446,-1.520019014,1
797,0,1,0.025487676,-0.879019295,1
798,0,1,-0.091425195,-1.816511699,1
799,0,1,0.152533334,-0.479939599,1
800,0,0,-1.375594979,-1.778207832,0
800,1,0,-0.689621909,-2.101545475,0
800,2,1,-1.619415757,-4.846965445,1
801,0,1,1.145997922,1.253370955,0
801,1,0,2.216710337,4.278070225,0
801,2,0,0.868601645,1.117007543,0
801,3,0,0.081667466,-0.318837762,0
801,4,1,-2.394314371,-5.826150291,1
802,0,0,1.008032872,1.752368727,0
802,1,0,0.384245469,1.294268667,0
802,2,1,-1.803728339,-4.939885455,1
803,0,1,-1.322870939,-4.465261669,1
804,0,0,0.336821027,-0.204694571,0
804,1,0,0.041115231,0.47722472,0
804,2,0,-1.263135609,-1.977638196,0
804,3,0,-0.699707969,-0.891683397,1
805,0,0,-0.194687227,-0.548471309,0
805,1,0,-1.039269062,-1.831014421,0
805,2,0,0.436082917,0.507494554,0
805,3,0,0.379180997,0.78650412,0
805,4,1,-1.314026866,-4.397918134,1
806,0,1,1.268733284,1.047645724,1
807,0,1,0.711008777,0.305119274,0
807,1,1,-0.372805445,-1.089219835,1
808,0,1,-0.142055135,-1.709168859,1
809,0,0,0.664111869,0.611411837,0
809,1,1,-1.960762869,-4.102475174,1
810,0,0,-1.093312767,-2.493757459,1
811,0,0,0.1052076,-0.107298403,1
812,0,0,0.099359993,-0.088101319,0
812,1,1,-2.104134829,-5.041234456,1
813,0,1,-0.385333482,-1.425656217,1
814,0,0,-0.581341688,-1.847440499,1
815,0,1,-0.838335889,-1.870730514,1
816,0,0,1.023125745,2.248557414,0
816,1,1,-1.322962379,-4.737272058,1
817,0,1,0.334572734,-0.610480508,0
817,1,1,-1.109548773,-3.88047071,1
818,0,1,1.101085359,0.992802487,0
818,1,1,-0.769504409,-2.927206083,1
819,0,1,-2.435333017,-5.714107137,1
820,0,1,-0.733957434,-2.919406339,1
821,0,1,-0.0401463,-1.509439693,1
822,0,1,-0.076655975,-1.370810692,0
822,1,1,-0.333146342,-1.525085455,1
823,0,1,-0.871958389,-3.138804094,1
824,0,1,-1.096385954,-3.257185061,1
825,0,1,-1.337901944,-3.87877205,1
826,0,0,0.362565133,-0.083817081,0
826,1,0,-0.833689788,-0.995369002,1
827,0,0,-0.142381255,-0.062535728,1
828,0,1,1.613484564,1.517228943,0
828,1,1,0.050862543,-0.629711568,1
829,0,0,1.099116968,2.636770976,0
829,1,1,-1.653153084,-4.84331494,1
830,0,0,1.080699252,2.313582801,0
830,1,0,0.627016845,1.34016141,0
830,2,0,0.788445951,1.163476555,0
830,3,1,-1.222425995,-4.282815652,1
831,0,0,0.627912354,0.875819633,0
831,1,0,0.053731941,-0.681757384,0
831,2,1,-2.154462834,-5.951462364,1
832,0,1,0.914705331,1.433137279,0
832,1,0,2.057863731,4.318750072,0
832,2,1,0.100691219,-0.399070795,1
833,0,1,1.45044293,2.22142443,0
833,1,0,1.975681671,3.618099303,0
833,2,1,-1.822830975,-4.659278436,1
834,0,0,-1.106123227,-3.147459913,0
834,1,1,-2.426951804,-6.198918018,1
835,0,1,0.763324579,0.681571075,0
835,1,1,-0.533273988,-1.705116519,0
835,2,1,-0.904616965,-3.038227716,1
836,0,0,-0.287836875,-0.853551886,1
837,0,1,1.063958687,1.22766928,0
837,1,1,0.01160709,-2.107205306,1
838,0,0,-0.618458792,-1.112098899,0
838,1,0,-1.078569003,-2.914966192,1
839,0,0,0.583270942,0.340533008,0
839,1,1,-1.543522047,-4.18673271,1
840,0,0,0.060318693,0.205549315,0
840,1,0,0.787097311,2.471448261,0
840,2,1,-1.503299634,-4.474956626,1
841,0,1,-0.301688721,-1.399356435,1
842,0,0,-0.200358198,0.083001212,0
842,1,0,-1.344160345,-2.831016104,1
843,0,1,0.86215252,0.969459704,1
844,0,1,-0.455714105,-1.739502563,1
845,0,0,0.076444668,1.042711613,0
845,1,0,-0.766298726,-1.909895316,1
846,0,0,1.667075169,2.927969811,0
846,1,0,-0.258731499,-0.768588563,0
846,2,0,0.081570601,-0.043694809,0
846,3,0,-0.485618006,-0.06061564,0
846,4,0,-0.572760465,-1.397051751,0
847,0,0,-0.545852017,-1.240665541,0
847,1,0,0.231725123,0.098217997,0
847,2,1,-1.712647784,-4.220390277,1
848,0,1,0.092469617,-1.169903154,0
848,1,0,1.570539246,2.879115016,0
848,2,1,-1.741640317,-4.678174791,1
849,0,0,-0.746526438,-0.589275948,0
849,1,0,0.019751168,0.213972871,0
849,2,1,-1.347890042,-3.96307185,1
850,0,1,0.593912183,0.882873639,0
850,1,1,0.083645128,-1.530928899,1
851,0,1,1.693584484,2.057389246,0
851,1,0,2.130274026,5.338248527,0
851,2,1,-1.330538515,-3.593343813,1
852,0,0,0.949285181,2.01131721,0
852,1,1,-2.0486845,-4.207379985,1
853,0,0,-0.202323416,-0.061138763,0
853,1,0,-0.70632158,-1.810161155,0
853,2,1,-2.966177961,-6.317682942,1
854,0,0,-0.315875545,-0.222816092,0
854,1,1,-2.528349922,-6.756429464,1
855,0,1,-0.110831728,-2.203744437,0
855,1,1,0.084478357,-0.605246247,1
856,0,1,-2.454439636,-5.63781736,1
857,0,1,0.175142616,-0.773210201,1
858,0,1,0.599253444,0.642598383,0
858,1,0,2.334079856,5.651185113,0
858,2,0,0.8410584,1.729461133,0
858,3,1,-0.807016864,-2.381461263,1
859,0,1,-0.008629444,-0.564961926,0
859,1,0,1.328505957,2.671768998,0
859,2,1,-1.065493264,-3.582220426,1
860,0,1,-0.022242337,-0.647299392,1
861,0,1,1.361321138,2.445330106,0
861,1,1,0.200417191,0.477293663,1
862,0,1,-0.241608247,-1.204125064,1
863,0,1,0.712072703,0.497388209,1
864,0,1,0.681378856,0.267784039,1
865,0,1,-0.101881784,-0.886136592,1
866,0,0,1.658409768,2.927885894,0
866,1,1,-1.198877369,-2.951199413,1
867,0,1,1.576394443,1.816753171,0
867,1,1,0.074810678,-1.750758789,1
868,0,0,1.072681377,1.410740203,0
868,1,0,1.186865583,1.788499934,0
868,2,0,0.96254527,2.585291407,0
868,3,1,-1.738659158,-4.212005254,1
869,0,1,0.327669431,0.788925659,0
869,1,1,0.046360768,-1.146116056,1
870,0,0,-1.664795422,-3.40680542,1
871,0,0,0.290814571,1.563609392,0
871,1,0,0.292834588,0.63919512,0
871,2,1,-1.987739872,-3.728330602,1
872,0,1,-1.051865253,-2.60025643,1
873,0,0,-2.183483392,-3.654534338,1
874,0,1,0.584989001,0.484067606,1
875,0,0,-1.327130085,-2.564845002,1
876,0,0,-0.840881914,-2.103114948,1
877,0,0,-1.003805845,-1.498100036,0
877,1,0,-0.332014335,-0.54522405,0
877,2,0,-0.477517576,-0.121560263,0
877,3,1,-2.103328502,-5.354439758,1
878,0,0,-2.217582725,-4.530525847,1
879,0,0,-1.276440792,-2.10662877,1
880,0,1,-1.693009683,-4.361811214,1
881,0,0,-0.600312554,-1.278655569,0
881,1,0,-0.041464161,-0.206814095,0
881,2,0,-0.164460221,0.48520126,0
881,3,0,0.574976191,0.405038541,0
881,4,1,-2.042920895,-5.589719453,1
882,0,0,-0.196472419,-0.408548105,0
882,1,1,-1.771476638,-4.704755518,1
883,0,1,1.16901032,0.986225976,0
883,1,1,0.25185644,-0.862536468,1
884,0,0,-1.937317919,-2.656514652,0
884,1,0,-0.698100864,-1.62087277,1
885,0,0,0.941484704,2.179981148,0
885,1,1,-1.55328236,-4.022195581,1
886,0,0,0.831878803,2.197886546,0
886,1,0,0.381077917,1.527312226,0
886,2,0,0.454944165,1.296024681,0
886,3,1,-1.782339375,-4.999493269,1
887,0,1,-0.059032893,-1.74225046,1
888,0,1,0.48917116,0.27802991,1
889,0,0,0.10261448,-0.170932351,1
890,0,1,1.188704475,1.648055998,1
891,0,1,0.858854646,1.495598298,0
891,1,0,2.042135741,4.257510831,0
891,2,1,-0.363062389,-2.01703315,1
892,0,0,-0.639741779,-1.683651529,0
892,1,0,-1.173540942,-2.3118403,0
892,2,1,-2.540916055,-5.509234279,1
893,0,1,-0.591215875,-2.221896798,1
894,0,1,-0.765692545,-2.488719492,1
895,0,0,-1.259936238,-1.824789574,1
896,0,0,-0.464115829,-0.539742497,0
896,1,1,-2.860659442,-7.085092062,1
897,0,1,0.878299475,0.795353116,1
898,0,0,-0.049080866,0.046030324,0
898,1,0,-1.057242775,-1.895004539,0
898,2,0,-1.381917655,-1.609005692,1
899,0,1,0.753788402,-0.348459939,1
900,0,1,0.681773456,0.519086692,0
900,1,1,-1.302897386,-4.085396074,1
901,0,1,0.107265842,-1.040380172,1
902,0,0,-1.123979554,-1.871109204,0
902,1,0,-0.353317351,-0.211596089,0
902,2,1,-2.518487819,-6.343265105,1
903,0,1,-1.191921583,-3.838427738,1
904,0,0,-0.452343863,-1.546986272,1
905,0,0,0.863708567,1.052979386,0
905,1,0,0.597465213,0.947674221,0
905,2,0,0.208354802,1.363479672,0
905,3,1,-2.436859714,-6.156795878,1
906,0,0,0.662791689,0.48533212,0
906,1,1,-1.514844552,-4.474533821,1
907,0,0,0.078055391,0.089089547,0
907,1,0,-0.041126014,0.414771432,0
907,2,0,-0.570182544,-0.440943308,0
907,3,0,-0.364098053,-1.137832135,0
907,4,0,-0.607493551,-1.141598284,0
908,0,1,0.709901617,1.054908238,0
908,1,0,1.883780477,4.101131591,0
908,2,0,0.736251887,1.746249123,0
908,3,1,-1.913376944,-4.907503679,1
909,0,1,-0.260402307,-2.133223997,1
910,0,1,0.362809942,-0.219900367,1
911,0,1,0.372519594,-0.536128703,1
912,0,1,1.241011813,2.028636045,0
912,1,0,2.686301428,6.598079084,0
912,2,0,0.721098856,0.767235299,0
912,3,1,-1.846243304,-5.165414072,1
913,0,1,-1.209538234,-3.7081741,1
914,0,1,-0.128107272,-0.668523917,1
915,0,0,-0.099751349,-0.227363787,0
915,1,1,-2.241581239,-5.409438154,1
916,0,0,0.10997582,0.306110042,0
916,1,0,0.148818081,1.324833124,0
916,2,1,-2.505532819,-6.092486997,1
917,0,0,-0.623352273,-1.309100552,0
917,1,0,0.18111856,0.239066743,0
917,2,1,-1.287271976,-2.41780671,1
918,0,0,2.372304143,4.232661385,0
918,1,0,1.095213757,1.632128975,0
918,2,0,0.931292002,2.175776087,0
918,3,0,0.563353793,1.843748426,0
918,4,0,0.288837807,0.504362742,0
919,0,1,0.002598333,-1.229322941,0
919,1,1,0.065350715,-1.094205725,1
920,0,0,3.182187452,6.540057011,0
920,1,1,-0.097120596,-2.045954831,1
921,0,0,-1.245502247,-1.945845706,1
922,0,1,-0.18217879,-1.627557908,0
922,1,0,2.278935871,3.869419122,0
922,2,0,1.317824937,3.50522141,0
922,3,1,-1.261261709,-2.952199839,1
923,0,1,-1.454362687,-3.783436285,1
924,0,0,-0.821514204,-0.694048814,0
924,1,0,0.062713658,0.723485335,0
924,2,1,-1.06739494,-2.546868859,1
925,0,0,0.102929885,0.159914503,0
925,1,1,-2.022559101,-4.878473499,1
926,0,1,0.787297924,0.997900515,0
926,1,1,-0.333028811,-1.538194721,1
927,0,1,0.234182289,-1.237100374,1
928,0,1,-0.128413319,-0.86962004,1
929,0,0,2.230171061,4.847412918,0
929,1,0,1.0788133,2.068960006,0
929,2,0,0.832521784,0.862858479,0
929,3,1,-0.554233776,-1.699570135,1
930,0,1,-0.942237609,-1.921691429,1
931,0,0,0.830597858,1.909955973,0
931,1,0,0.139561643,0.858512016,0
931,2,1,-2.418728066,-6.096046812,1
932,0,0,-1.665953108,-3.48604076,1
933,0,0,-0.38589875,-0.664153806,0
933,1,0,-0.342987947,-1.01035444,0
933,2,0,-0.280108331,-0.856715277,0
933,3,0,-0.19979943,-1.172596825,0
933,4,0,0.016433054,-0.957635509,0
934,0,0,-0.59872241,-0.595446077,0
934,1,0,0.034792396,0.738297216,0
934,2,0,0.105695315,0.164182242,0
934,3,1,-2.365245434,-5.955270397,1
935,0,0,0.646441162,0.911191231,0
935,1,0,0.102585876,0.24486192,0
935,2,1,-1.619608769,-3.909749592,1
936,0,1,-0.444509902,-1.230022749,1
937,0,0,-0.783693882,-1.01929819,0
937,1,1,-2.314488531,-4.390606255,1
938,0,1,0.261770234,-1.447486007,1
939,0,1,1.341664266,1.014770138,0
939,1,1,0.024731651,-1.089139867,1
940,0,0,0.356515619,0.633832772,0
940,1,0,0.337906661,0.663498445,1
941,0,0,-0.020231896,-0.146386861,1
942,0,1,-1.225792589,-4.14144704,1
943,0,0,0.748074987,2.010768828,0
943,1,1,-1.94615703,-4.359068499,1
944,0,0,-1.017449616,-2.542369986,0
944,1,1,-2.322830364,-5.621291412,1
945,0,0,1.030548521,0.793814718,0
945,1,0,0.414709195,0.890576909,0
945,2,1,-1.685501795,-3.999465091,1
946,0,0,1.410683777,2.283110086,0
946,1,0,0.745469133,0.905375452,0
946,2,0,-0.14833548,-0.1910894,1
947,0,0,0.301748422,0.628306859,0
947,1,1,-1.068390881,-3.685015594,1
948,0,1,1.47929714,1.721615775,1
949,0,1,0.30104369,-0.017914077,1
950,0,1,-1.497042306,-4.350088661,1
951,0,1,0.595003699,0.513239215,0
951,1,1,-0.666886002,-2.525892052,1
952,0,0,1.265990754,2.269518281,0
952,1,0,0.62446296,1.217602864,0
952,2,0,0.503328073,1.312165107,0
952,3,0,0.267620031,0.357163505,0
952,4,0,0.16291651,0.45253367,0
953,0,0,0.027779082,-0.689156721,0
953,1,1,-1.548868397,-2.916983557,1
954,0,1,-1.354706471,-3.359563261,1
955,0,0,-0.065647985,-0.778293062,1
956,0,0,-1.609331061,-2.726271296,0
956,1,1,-3.242417245,-6.575687244,1
957,0,0,-0.241657863,-1.356402559,1
958,0,1,-0.994855961,-3.463569635,1
959,0,1,2.293807488,3.6409265,0
959,1,1,1.137774135,1.20427115,1
960,0,0,-0.917810428,-2.318579457,1
961,0,0,-0.169311227,0.004972193,1
962,0,1,0.079890736,-1.083784145,1
963,0,0,0.153958581,0.585750937,0
963,1,0,0.008411272,-0.09874332,0
963,2,0,0.227358409,1.009811838,0
963,3,0,-0.054177983,1.154718574,0
963,4,1,-1.9523618,-4.542606553,1
964,0,1,-1.000921894,-2.94650906,1
965,0,1,-1.42851564,-3.599715465,1
966,0,0,-1.089441213,-2.335872585,1
967,0,1,-0.859555626,-3.515386113,1
968,0,0,-0.726273715,-1.880019838,1
969,0,1,-0.339215254,-2.026761265,1
970,0,0,-0.901959165,-2.495966096,1
971,0,0,0.196669073,0.031892243,1
972,0,1,0.411689128,0.615502304,1
973,0,1,-1.415479831,-3.924748822,1
974,0,0,-0.129024453,-0.905536693,1
975,0,0,-0.912934964,-1.727518346,0
975,1,1,-2.572213357,-6.324537329,1
976,0,0,-0.392767734,-1.124976301,0
976,1,1,-2.523752547,-6.823189387,1
977,0,0,1.111988335,2.101300158,0
977,1,1,-1.722116756,-4.506938411,1
978,0,1,-2.632732422,-6.220133647,1
979,0,1,-0.74737421,-2.690405677,1
980,0,1,-1.33847924,-3.691233456,1
981,0,1,-0.712392685,-2.155611055,1
982,0,0,1.732464985,3.631175536,0
982,1,1,-0.824161284,-2.600313087,1
983,0,1,0.362448417,-0.309149934,1
984,0,1,0.581658488,0.934287637,0
984,1,0,1.28334471,2.277290761,0
984,2,1,-1.806283138,-4.259880643,1
985,0,1,-1.014872356,-2.717437572,1
986,0,0,-0.920176069,-1.614897134,0
986,1,1,-1.911008669,-5.008162804,1
987,0,0,-1.61231484,-3.259935443,1
988,0,0,-1.013433898,-2.188246643,1
989,0,1,-1.231587442,-2.946859492,1
990,0,1,-0.61073104,-2.421276356,1
991,0,1,-0.263700457,-2.299290594,1
992,0,1,-0.45766623,-2.16899114,1
993,0,0,0.208562493,0.781240259,0
993,1,1,-1.044769684,-3.480906915,1
994,0,1,1.557295393,1.02092434,1
995,0,1,0.509443677,-0.18663481,0
995,1,0,2.472658574,4.426015982,0
995,2,1,-0.645704176,-2.449548366,1
996,0,0,0.949676548,1.491246221,0
996,1,1,-1.951051483,-4.554329935,1
997,0,1,0.919344803,-0.126449142,1
998,0,1,0.523174512,-0.049454682,1
999,0,0,0.804919374,2.313825374,0
999,1,1,-1.477164192,-4.391947069,1
